canonical_id,F72,F54,F55,F25,F26,F62,F65,F64,F67,F34,F66,F69,F68,F101,F102,F103,F104,F105,F107,F108,F16-boolean,F16-String,F16-Boolean,F16-NA,F16-int,F16-Strategy,F3-NA,F3-Integer,F3-String,F3-int,F3-Token[],F3-Object,F7-++,F7--=,F7-+=,F7-NA,F12-NA,F17-static,F17-NA,F2-String,F2-NA,F2-Map<Locale Strategy>,F2-Calendar,F2-Token,F6-NA,F13-NA,F18-NA,F14-NA,F1-containsTokenWithValue,F1-toLowerCase,F1-NA,F1-getValue,F1-charAt,F1-toUpperCase,F1-startsWith,F1-length,F1-get,F5-NA,F9-NA,F10-NA,F19-NA,F15-NA,F15-private,F15-public,F0-NA,F4-NA,F4-boolean,F4-int,F4-String,F4-Strategy,F4-char,F4-Object,F8-NA,F11-NA,F94,F95,F21,F109,F20,F23,F22,F79,F111,F112,F113,F116,F117,F118,F119,F120,F110,F121,F122,F123,F114,F115,F61,F77,F88,F70,F41,F40,F43,F42,F45,F44,F46,F126,F127,F128,F129,F36,F130,F35,F131,F38,F132,F37,F133,F134,F39,F135,F136,F137,F83,F71-pbenedict@apache.org,F71-jcarman@apache.org,F71-niallp@apache.org,F71-chas@apache.org,F71-oheger@apache.org,F71-ggregory@apache.org,F71-bayard@apache.org,F71-joehni@apache.org,F71-psteitz@apache.org,F71-scolebourne@apache.org,F71-mbenson@apache.org,F71-tn@apache.org,F71-sebb@apache.org,F74,F73,F84,F146,pattern_0,pattern_1,pattern_2,pattern_3,pattern_4,pattern_5,pattern_6,pattern_7,pattern_8,pattern_9,pattern_10,pattern_11,pattern_12,pattern_13,pattern_14,pattern_15,pattern_16,pattern_17,pattern_18,pattern_19,category
commons-B-0,2562,org/apache/commons/lang3,org/apache/commons/lang3/ArrayUtils.java,1117,true,14,223,6053,1,12,780,5,33,0.39488148402610784,2070,3507,1.6942028985507247,0.6428571428571429,0,1,0,0,0,1,1,0,1,0,0,0,0,0,0,0,0,1,1,1,1,0,1,0,0,0,1,1,1,1,0,0,1,0,0,0,0,0,0,1,1,1,1,1,0,1,1,1,0,0,0,0,0,0,1,1,72,46,STYLE,0.039603960396039604,FE_FLOATING_POINT_EQUALITY,20,3,2,0.6792452830188679,0.4339622641509434,0.018867924528301886,-1.0,0.0,0.0,0.0,0.0,-1.0,0.0,0.0,0.0,-1.0,-1.0,44,1227,1117,2562,1183,0.11226851851851852,37,321,862,1541,0.08115637337402164,0,0,0,0,2,0,3,0.0,5,600,0,13,7,1,620,587,0.0640469220772877,34,1,1,1,0,1,1,1,1,0,1,1,0,1,1367,4806,1,1334,0,0,0,0,0,0,0,0,0,0,0,0,0,0,0,0,0,0,0,0,close
commons-B-1,2562,org/apache/commons/lang3,org/apache/commons/lang3/ArrayUtils.java,1117,true,14,223,6053,1,12,780,5,33,0.43043627619374786,2070,3507,1.6942028985507247,0.6428571428571429,0,1,0,0,0,1,1,0,1,0,0,0,0,0,0,0,0,1,1,1,1,0,1,0,0,0,1,1,1,1,0,0,1,0,0,0,0,0,0,1,1,1,1,1,0,1,1,1,0,0,0,0,0,0,1,1,72,46,STYLE,0.039603960396039604,FE_FLOATING_POINT_EQUALITY,20,3,2,0.6792452830188679,0.4339622641509434,0.018867924528301886,-1.0,0.0,0.0,0.0,0.0,-1.0,0.0,0.0,0.0,-1.0,-1.0,44,1227,1117,2562,1183,0.11226851851851852,37,321,862,1541,0.08115637337402164,0,0,0,0,2,0,3,0.0,5,600,0,13,7,1,620,587,0.0640469220772877,34,1,1,1,0,1,1,1,1,0,1,1,0,1,1367,4806,1,1334,0,0,0,0,0,0,0,0,0,0,0,0,0,0,0,0,0,0,0,0,close
commons-B-2,2562,org/apache/commons/lang3,org/apache/commons/lang3/ArrayUtils.java,1117,true,17,223,6053,1,12,780,6,33,0.41137066300240466,2070,3507,1.6942028985507247,0.7058823529411765,0,1,0,0,0,1,1,0,1,0,0,0,0,0,0,0,0,1,1,1,1,0,1,0,0,0,1,1,1,1,0,0,1,0,0,0,0,0,0,1,1,1,1,1,0,1,1,1,0,0,0,0,0,0,1,1,72,46,STYLE,0.039603960396039604,FE_FLOATING_POINT_EQUALITY,20,3,2,0.6792452830188679,0.4339622641509434,0.018867924528301886,-1.0,0.0,0.0,0.0,0.0,-1.0,0.0,0.0,0.0,-1.0,-1.0,44,1227,1117,2562,1183,0.11226851851851852,37,321,862,1541,0.08115637337402164,0,0,0,0,2,0,3,0.0,5,600,0,13,7,1,620,587,0.0640469220772877,34,1,1,1,0,1,1,1,1,0,1,1,0,1,1367,4806,1,1334,0,0,0,0,0,0,0,0,0,0,0,0,0,0,0,0,0,0,0,0,close
commons-B-3,2562,org/apache/commons/lang3,org/apache/commons/lang3/ArrayUtils.java,1117,true,17,223,6053,1,12,780,6,33,0.43816557883888696,2070,3507,1.6942028985507247,0.7058823529411765,0,1,0,0,0,1,0,0,1,0,0,0,0,0,0,0,0,1,1,0,1,0,1,0,0,0,1,1,1,1,0,0,1,0,0,0,0,0,0,1,1,1,1,1,0,0,1,1,0,0,0,0,0,0,1,1,72,46,STYLE,0.039603960396039604,FE_FLOATING_POINT_EQUALITY,20,3,2,0.6792452830188679,0.4339622641509434,0.018867924528301886,-1.0,0.0,0.0,0.0,0.0,-1.0,0.0,0.0,0.0,-1.0,-1.0,44,1227,1117,2562,1183,0.11226851851851852,37,321,862,1541,0.08115637337402164,0,0,0,0,2,0,3,0.0,5,600,0,13,7,1,620,587,0.0640469220772877,34,1,1,1,0,1,1,1,1,0,1,1,0,1,1367,4806,1,1334,0,0,0,0,0,0,0,0,0,0,0,0,0,0,0,0,0,0,0,0,close
commons-B-4,2562,org/apache/commons/lang3,org/apache/commons/lang3/ArrayUtils.java,1117,true,6,223,6053,1,12,780,2,33,0.06887667468223978,2070,3507,1.6942028985507247,0.5,0,1,0,0,0,1,0,0,1,0,0,0,0,0,0,0,0,1,1,0,1,0,1,0,0,0,1,1,1,1,0,0,1,0,0,0,0,0,0,1,1,1,1,1,0,0,1,1,0,0,0,0,0,0,1,1,72,46,STYLE,0.49504950495049505,PZLA_PREFER_ZERO_LENGTH_ARRAYS,20,3,9,0.6792452830188679,0.4339622641509434,0.08490566037735849,-1.0,0.0,0.0,0.0,0.0,-1.0,0.0,0.0,0.0,-1.0,-1.0,44,1227,1117,2562,1183,0.11226851851851852,37,321,862,1541,0.08115637337402164,0,0,0,0,2,0,3,0.0,5,600,0,13,7,1,620,587,0.0640469220772877,34,1,1,1,0,1,1,1,1,0,1,1,0,1,1367,4806,1,1334,0,0,0,0,0,0,0,0,0,0,0,0,0,0,0,0,0,0,0,0,close
commons-B-5,2562,org/apache/commons/lang3,org/apache/commons/lang3/ArrayUtils.java,1117,true,6,223,6053,1,12,780,2,33,0.06612847818619032,2070,3507,1.6942028985507247,0.5,0,1,0,0,0,1,0,0,1,0,0,0,0,0,0,0,0,1,1,0,1,0,1,0,0,0,1,1,1,1,0,0,1,0,0,0,0,0,0,1,1,1,1,1,0,0,1,1,0,0,0,0,0,0,1,1,72,46,STYLE,0.49504950495049505,PZLA_PREFER_ZERO_LENGTH_ARRAYS,20,3,9,0.6792452830188679,0.4339622641509434,0.08490566037735849,-1.0,0.0,0.0,0.0,0.0,-1.0,0.0,0.0,0.0,-1.0,-1.0,44,1227,1117,2562,1183,0.11226851851851852,37,321,862,1541,0.08115637337402164,0,0,0,0,2,0,3,0.0,5,600,0,13,7,1,620,587,0.0640469220772877,34,1,1,1,0,1,1,1,1,0,1,1,0,1,1367,4806,1,1334,0,0,0,0,0,0,0,0,0,0,0,0,0,0,0,0,0,0,0,0,open
commons-B-6,2562,org/apache/commons/lang3,org/apache/commons/lang3/ArrayUtils.java,1117,true,6,223,6053,1,12,780,2,33,0.07162487117828925,2070,3507,1.6942028985507247,0.5,0,1,0,0,0,1,0,0,1,0,0,0,0,0,0,0,0,1,1,0,1,0,1,0,0,0,1,1,1,1,0,0,1,0,0,0,0,0,0,1,1,1,1,1,0,0,1,1,0,0,0,0,0,0,1,1,72,46,STYLE,0.49504950495049505,PZLA_PREFER_ZERO_LENGTH_ARRAYS,20,3,9,0.6792452830188679,0.4339622641509434,0.08490566037735849,-1.0,0.0,0.0,0.0,0.0,-1.0,0.0,0.0,0.0,-1.0,-1.0,44,1227,1117,2562,1183,0.11226851851851852,37,321,862,1541,0.08115637337402164,0,0,0,0,2,0,3,0.0,5,600,0,13,7,1,620,587,0.0640469220772877,34,1,1,1,0,1,1,1,1,0,1,1,0,1,1367,4806,1,1334,0,0,0,0,0,0,0,0,0,0,0,0,0,0,0,0,0,0,0,0,open
commons-B-7,2562,org/apache/commons/lang3,org/apache/commons/lang3/ArrayUtils.java,1117,true,6,223,6053,1,12,780,2,33,0.07437306767433871,2070,3507,1.6942028985507247,0.5,0,1,0,0,0,1,0,0,1,0,0,0,0,0,0,0,0,1,1,0,1,0,1,0,0,0,1,1,1,1,0,0,1,0,0,0,0,0,0,1,1,1,1,1,0,0,1,1,0,0,0,0,0,0,1,1,72,46,STYLE,0.49504950495049505,PZLA_PREFER_ZERO_LENGTH_ARRAYS,20,3,9,0.6792452830188679,0.4339622641509434,0.08490566037735849,-1.0,0.0,0.0,0.0,0.0,-1.0,0.0,0.0,0.0,-1.0,-1.0,44,1227,1117,2562,1183,0.11226851851851852,37,321,862,1541,0.08115637337402164,0,0,0,0,2,0,3,0.0,5,600,0,13,7,1,620,587,0.0640469220772877,34,1,1,1,0,1,1,1,1,0,1,1,0,1,1367,4806,1,1334,0,0,0,0,0,0,0,0,0,0,0,0,0,0,0,0,0,0,0,0,close
commons-B-8,2562,org/apache/commons/lang3,org/apache/commons/lang3/ArrayUtils.java,1117,true,6,223,6053,1,12,780,2,33,0.06063208519409138,2070,3507,1.6942028985507247,0.5,0,1,0,0,0,1,0,0,1,0,0,0,0,0,0,0,0,1,1,0,1,0,1,0,0,0,1,1,1,1,0,0,1,0,0,0,0,0,0,1,1,1,1,1,0,0,1,1,0,0,0,0,0,0,1,1,72,46,STYLE,0.49504950495049505,PZLA_PREFER_ZERO_LENGTH_ARRAYS,20,3,9,0.6792452830188679,0.4339622641509434,0.08490566037735849,-1.0,0.0,0.0,0.0,0.0,-1.0,0.0,0.0,0.0,-1.0,-1.0,44,1227,1117,2562,1183,0.11226851851851852,37,321,862,1541,0.08115637337402164,0,0,0,0,2,0,3,0.0,5,600,0,13,7,1,620,587,0.0640469220772877,34,1,1,1,0,1,1,1,1,0,1,1,0,1,1367,4806,1,1334,0,0,0,0,0,0,0,0,0,0,0,0,0,0,0,0,0,0,0,0,open
commons-B-9,2562,org/apache/commons/lang3,org/apache/commons/lang3/ArrayUtils.java,1117,true,6,223,6053,1,12,780,2,33,0.05788388869804191,2070,3507,1.6942028985507247,0.5,0,1,0,0,0,1,0,0,1,0,0,0,0,0,0,0,0,1,1,0,1,0,1,0,0,0,1,1,1,1,0,0,1,0,0,0,0,0,0,1,1,1,1,1,0,0,1,1,0,0,0,0,0,0,1,1,72,46,STYLE,0.49504950495049505,PZLA_PREFER_ZERO_LENGTH_ARRAYS,20,3,9,0.6792452830188679,0.4339622641509434,0.08490566037735849,-1.0,0.0,0.0,0.0,0.0,-1.0,0.0,0.0,0.0,-1.0,-1.0,44,1227,1117,2562,1183,0.11226851851851852,37,321,862,1541,0.08115637337402164,0,0,0,0,2,0,3,0.0,5,600,0,13,7,1,620,587,0.0640469220772877,34,1,1,1,0,1,1,1,1,0,1,1,0,1,1367,4806,1,1334,0,0,0,0,0,0,0,0,0,0,0,0,0,0,0,0,0,0,0,0,open
commons-B-10,2562,org/apache/commons/lang3,org/apache/commons/lang3/ArrayUtils.java,1117,true,6,223,6053,1,12,780,2,33,0.055135692201992444,2070,3507,1.6942028985507247,0.5,0,1,0,0,0,1,0,0,1,0,0,0,0,0,0,0,0,1,1,0,1,0,1,0,0,0,1,1,1,1,0,0,1,0,0,0,0,0,0,1,1,1,1,1,0,0,1,1,0,0,0,0,0,0,1,1,72,46,STYLE,0.49504950495049505,PZLA_PREFER_ZERO_LENGTH_ARRAYS,20,3,9,0.6792452830188679,0.4339622641509434,0.08490566037735849,-1.0,0.0,0.0,0.0,0.0,-1.0,0.0,0.0,0.0,-1.0,-1.0,44,1227,1117,2562,1183,0.11226851851851852,37,321,862,1541,0.08115637337402164,0,0,0,0,2,0,3,0.0,5,600,0,13,7,1,620,587,0.0640469220772877,34,1,1,1,0,1,1,1,1,0,1,1,0,1,1367,4806,1,1334,0,0,0,0,0,0,0,0,0,0,0,0,0,0,0,0,0,0,0,0,close
commons-B-11,2562,org/apache/commons/lang3,org/apache/commons/lang3/ArrayUtils.java,1117,true,6,223,6053,1,12,780,2,33,0.06338028169014084,2070,3507,1.6942028985507247,0.5,0,1,0,0,0,1,0,0,1,0,0,0,0,0,0,0,0,1,1,0,1,0,1,0,0,0,1,1,1,1,0,0,1,0,0,0,0,0,0,1,1,1,1,1,0,0,1,1,0,0,0,0,0,0,1,1,72,46,STYLE,0.49504950495049505,PZLA_PREFER_ZERO_LENGTH_ARRAYS,20,3,9,0.6792452830188679,0.4339622641509434,0.08490566037735849,-1.0,0.0,0.0,0.0,0.0,-1.0,0.0,0.0,0.0,-1.0,-1.0,44,1227,1117,2562,1183,0.11226851851851852,37,321,862,1541,0.08115637337402164,0,0,0,0,2,0,3,0.0,5,600,0,13,7,1,620,587,0.0640469220772877,34,1,1,1,0,1,1,1,1,0,1,1,0,1,1367,4806,1,1334,0,0,0,0,0,0,0,0,0,0,0,0,0,0,0,0,0,0,0,0,close
commons-B-12,2562,org/apache/commons/lang3,org/apache/commons/lang3/ArrayUtils.java,1117,true,6,223,6053,1,12,780,2,33,0.07712126417038818,2070,3507,1.6942028985507247,0.5,0,1,0,0,0,1,0,0,1,0,0,0,0,0,0,0,0,1,1,0,1,0,1,0,0,0,1,1,1,1,0,0,1,0,0,0,0,0,0,1,1,1,1,1,0,0,1,1,0,0,0,0,0,0,1,1,72,46,STYLE,0.49504950495049505,PZLA_PREFER_ZERO_LENGTH_ARRAYS,20,3,9,0.6792452830188679,0.4339622641509434,0.08490566037735849,-1.0,0.0,0.0,0.0,0.0,-1.0,0.0,0.0,0.0,-1.0,-1.0,44,1227,1117,2562,1183,0.11226851851851852,37,321,862,1541,0.08115637337402164,0,0,0,0,2,0,3,0.0,5,600,0,13,7,1,620,587,0.0640469220772877,34,1,1,1,0,1,1,1,1,0,1,1,0,1,1367,4806,1,1334,0,0,0,0,0,0,0,0,0,0,0,0,0,0,0,0,0,0,0,0,close
commons-B-13,2562,org/apache/commons/lang3,org/apache/commons/lang3/ArrayUtils.java,1117,true,18,223,6053,1,12,780,5,33,0.17966334592923394,2070,3507,1.6942028985507247,0.16666666666666666,0,1,0,0,0,1,0,0,1,0,0,0,0,0,0,0,0,1,1,0,1,0,1,0,0,0,1,1,1,1,0,0,1,0,0,0,0,0,0,1,1,1,1,1,0,0,1,1,0,0,0,0,0,0,1,1,72,46,STYLE,0.49504950495049505,PZLA_PREFER_ZERO_LENGTH_ARRAYS,20,3,9,0.6792452830188679,0.4339622641509434,0.08490566037735849,-1.0,0.0,0.0,0.0,0.0,-1.0,0.0,0.0,0.0,-1.0,-1.0,44,1227,1117,2562,1183,0.11226851851851852,37,321,862,1541,0.08115637337402164,0,0,0,0,2,0,3,0.0,5,600,0,13,7,1,620,587,0.0640469220772877,34,1,1,1,0,1,1,1,1,0,1,1,0,1,1367,4806,1,1334,0,0,0,0,0,0,0,0,0,0,0,0,0,0,0,0,0,0,0,0,close
commons-B-14,2562,org/apache/commons/lang3,org/apache/commons/lang3/ArrayUtils.java,1117,true,18,223,6053,1,12,780,5,33,0.17296461697011337,2070,3507,1.6942028985507247,0.16666666666666666,0,1,0,0,0,1,0,0,1,0,0,0,0,0,0,0,0,1,1,0,1,0,1,0,0,0,1,1,1,1,0,0,1,0,0,0,0,0,0,1,1,1,1,1,0,0,1,1,0,0,0,0,0,0,1,1,72,46,STYLE,0.49504950495049505,PZLA_PREFER_ZERO_LENGTH_ARRAYS,20,3,9,0.6792452830188679,0.4339622641509434,0.08490566037735849,-1.0,0.0,0.0,0.0,0.0,-1.0,0.0,0.0,0.0,-1.0,-1.0,44,1227,1117,2562,1183,0.11226851851851852,37,321,862,1541,0.08115637337402164,0,0,0,0,2,0,3,0.0,5,600,0,13,7,1,620,587,0.0640469220772877,34,1,1,1,0,1,1,1,1,0,1,1,0,1,1367,4806,1,1334,0,0,0,0,0,0,0,0,0,0,0,0,0,0,0,0,0,0,0,0,close
commons-B-15,2562,org/apache/commons/lang3,org/apache/commons/lang3/ArrayUtils.java,1117,true,18,223,6053,1,12,780,5,33,0.18636207488835452,2070,3507,1.6942028985507247,0.16666666666666666,0,1,0,0,0,1,0,0,1,0,0,0,0,0,0,0,0,1,1,0,1,0,1,0,0,0,1,1,1,1,0,0,1,0,0,0,0,0,0,1,1,1,1,1,0,0,1,1,0,0,0,0,0,0,1,1,72,46,STYLE,0.49504950495049505,PZLA_PREFER_ZERO_LENGTH_ARRAYS,20,3,9,0.6792452830188679,0.4339622641509434,0.08490566037735849,-1.0,0.0,0.0,0.0,0.0,-1.0,0.0,0.0,0.0,-1.0,-1.0,44,1227,1117,2562,1183,0.11226851851851852,37,321,862,1541,0.08115637337402164,0,0,0,0,2,0,3,0.0,5,600,0,13,7,1,620,587,0.0640469220772877,34,1,1,1,0,1,1,1,1,0,1,1,0,1,1367,4806,1,1334,0,0,0,0,0,0,0,0,0,0,0,0,0,0,0,0,0,0,0,0,close
commons-B-16,2562,org/apache/commons/lang3,org/apache/commons/lang3/ArrayUtils.java,1117,true,18,223,6053,1,12,780,5,33,0.1930608038474751,2070,3507,1.6942028985507247,0.16666666666666666,0,1,0,0,0,1,0,0,1,0,0,0,0,0,0,0,0,1,1,0,1,0,1,0,0,0,1,1,1,1,0,0,1,0,0,0,0,0,0,1,1,1,1,1,0,0,1,1,0,0,0,0,0,0,1,1,72,46,STYLE,0.49504950495049505,PZLA_PREFER_ZERO_LENGTH_ARRAYS,20,3,9,0.6792452830188679,0.4339622641509434,0.08490566037735849,-1.0,0.0,0.0,0.0,0.0,-1.0,0.0,0.0,0.0,-1.0,-1.0,44,1227,1117,2562,1183,0.11226851851851852,37,321,862,1541,0.08115637337402164,0,0,0,0,2,0,3,0.0,5,600,0,13,7,1,620,587,0.0640469220772877,34,1,1,1,0,1,1,1,1,0,1,1,0,1,1367,4806,1,1334,0,0,0,0,0,0,0,0,0,0,0,0,0,0,0,0,0,0,0,0,close
commons-B-17,2562,org/apache/commons/lang3,org/apache/commons/lang3/ArrayUtils.java,1117,true,18,223,6053,1,12,780,5,33,0.15956715905187221,2070,3507,1.6942028985507247,0.16666666666666666,0,1,0,0,0,1,0,0,1,0,0,0,0,0,0,0,0,1,1,0,1,0,1,0,0,0,1,1,1,1,0,0,1,0,0,0,0,0,0,1,1,1,1,1,0,0,1,1,0,0,0,0,0,0,1,1,72,46,STYLE,0.49504950495049505,PZLA_PREFER_ZERO_LENGTH_ARRAYS,20,3,9,0.6792452830188679,0.4339622641509434,0.08490566037735849,-1.0,0.0,0.0,0.0,0.0,-1.0,0.0,0.0,0.0,-1.0,-1.0,44,1227,1117,2562,1183,0.11226851851851852,37,321,862,1541,0.08115637337402164,0,0,0,0,2,0,3,0.0,5,600,0,13,7,1,620,587,0.0640469220772877,34,1,1,1,0,1,1,1,1,0,1,1,0,1,1367,4806,1,1334,0,0,0,0,0,0,0,0,0,0,0,0,0,0,0,0,0,0,0,0,close
commons-B-18,2562,org/apache/commons/lang3,org/apache/commons/lang3/ArrayUtils.java,1117,true,18,223,6053,1,12,780,5,33,0.15286843009275164,2070,3507,1.6942028985507247,0.16666666666666666,0,1,0,0,0,1,0,0,1,0,0,0,0,0,0,0,0,1,1,0,1,0,1,0,0,0,1,1,1,1,0,0,1,0,0,0,0,0,0,1,1,1,1,1,0,0,1,1,0,0,0,0,0,0,1,1,72,46,STYLE,0.49504950495049505,PZLA_PREFER_ZERO_LENGTH_ARRAYS,20,3,9,0.6792452830188679,0.4339622641509434,0.08490566037735849,-1.0,0.0,0.0,0.0,0.0,-1.0,0.0,0.0,0.0,-1.0,-1.0,44,1227,1117,2562,1183,0.11226851851851852,37,321,862,1541,0.08115637337402164,0,0,0,0,2,0,3,0.0,5,600,0,13,7,1,620,587,0.0640469220772877,34,1,1,1,0,1,1,1,1,0,1,1,0,1,1367,4806,1,1334,0,0,0,0,0,0,0,0,0,0,0,0,0,0,0,0,0,0,0,0,close
commons-B-19,2562,org/apache/commons/lang3,org/apache/commons/lang3/ArrayUtils.java,1117,true,20,223,6053,1,12,780,5,33,0.1456544142906218,2070,3507,1.6942028985507247,0.15,0,1,0,0,0,1,0,0,1,0,0,0,0,0,0,0,0,1,1,0,1,0,1,0,0,0,1,1,1,1,0,0,1,0,0,0,0,0,0,1,1,1,1,1,0,0,1,1,0,0,0,0,0,0,1,1,72,46,STYLE,0.49504950495049505,PZLA_PREFER_ZERO_LENGTH_ARRAYS,20,3,9,0.6792452830188679,0.4339622641509434,0.08490566037735849,-1.0,0.0,0.0,0.0,0.0,-1.0,0.0,0.0,0.0,-1.0,-1.0,44,1227,1117,2562,1183,0.11226851851851852,37,321,862,1541,0.08115637337402164,0,0,0,0,2,0,3,0.0,5,600,0,13,7,1,620,587,0.0640469220772877,34,1,1,1,0,1,1,1,1,0,1,1,0,1,1367,4806,1,1334,0,0,0,0,0,0,0,0,0,0,0,0,0,0,0,0,0,0,0,0,close
commons-B-20,2562,org/apache/commons/lang3,org/apache/commons/lang3/ArrayUtils.java,1117,true,18,223,6053,1,12,780,5,33,0.1662658880109928,2070,3507,1.6942028985507247,0.16666666666666666,0,1,0,0,0,1,0,0,1,0,0,0,0,0,0,0,0,1,1,0,1,0,1,0,0,0,1,1,1,1,0,0,1,0,0,0,0,0,0,1,1,1,1,1,0,0,1,1,0,0,0,0,0,0,1,1,72,46,STYLE,0.49504950495049505,PZLA_PREFER_ZERO_LENGTH_ARRAYS,20,3,9,0.6792452830188679,0.4339622641509434,0.08490566037735849,-1.0,0.0,0.0,0.0,0.0,-1.0,0.0,0.0,0.0,-1.0,-1.0,44,1227,1117,2562,1183,0.11226851851851852,37,321,862,1541,0.08115637337402164,0,0,0,0,2,0,3,0.0,5,600,0,13,7,1,620,587,0.0640469220772877,34,1,1,1,0,1,1,1,1,0,1,1,0,1,1367,4806,1,1334,0,0,0,0,0,0,0,0,0,0,0,0,0,0,0,0,0,0,0,0,close
commons-B-21,2562,org/apache/commons/lang3,org/apache/commons/lang3/ArrayUtils.java,1117,true,18,223,6053,1,12,780,5,33,0.19975953280659567,2070,3507,1.6942028985507247,0.16666666666666666,0,1,0,0,0,1,0,0,1,0,0,0,0,0,0,0,0,1,1,0,1,0,1,0,0,0,1,1,1,1,0,0,1,0,0,0,0,0,0,1,1,1,1,1,0,0,1,1,0,0,0,0,0,0,1,1,72,46,STYLE,0.49504950495049505,PZLA_PREFER_ZERO_LENGTH_ARRAYS,20,3,9,0.6792452830188679,0.4339622641509434,0.08490566037735849,-1.0,0.0,0.0,0.0,0.0,-1.0,0.0,0.0,0.0,-1.0,-1.0,44,1227,1117,2562,1183,0.11226851851851852,37,321,862,1541,0.08115637337402164,0,0,0,0,2,0,3,0.0,5,600,0,13,7,1,620,587,0.0640469220772877,34,1,1,1,0,1,1,1,1,0,1,1,0,1,1367,4806,1,1334,0,0,0,0,0,0,0,0,0,0,0,0,0,0,0,0,0,0,0,0,close
commons-B-22,2562,org/apache/commons/lang3,org/apache/commons/lang3/ArrayUtils.java,1117,true,13,223,6053,1,12,780,4,33,0.5166609412572999,2070,3507,1.6942028985507247,0.23076923076923078,0,1,0,0,0,1,0,0,1,0,0,0,0,0,0,0,0,1,1,0,1,0,1,0,0,0,1,1,1,1,0,0,1,0,0,0,0,0,0,1,1,1,1,1,0,0,1,1,0,0,0,0,0,0,1,1,72,46,STYLE,0.49504950495049505,PZLA_PREFER_ZERO_LENGTH_ARRAYS,20,3,8,0.6792452830188679,0.4339622641509434,0.07547169811320754,-1.0,0.0,0.0,0.0,0.0,-1.0,0.0,0.0,0.0,-1.0,-1.0,44,1227,1117,2562,1183,0.11226851851851852,37,321,862,1541,0.08115637337402164,0,0,0,0,2,0,3,0.0,5,600,0,13,7,1,620,587,0.0640469220772877,34,1,1,1,0,1,1,1,1,0,1,1,0,1,1367,4806,1,1334,0,0,0,0,0,0,0,0,0,0,0,0,0,0,0,0,0,0,0,0,open
commons-B-23,2562,org/apache/commons/lang3,org/apache/commons/lang3/ArrayUtils.java,1117,true,13,223,6053,1,12,780,4,33,0.46994160082445896,2070,3507,1.6942028985507247,0.23076923076923078,0,1,0,0,0,1,0,0,1,0,0,0,0,0,0,0,0,1,1,0,1,0,1,0,0,0,1,1,1,1,0,0,1,0,0,0,0,0,0,1,1,1,1,1,0,0,1,1,0,0,0,0,0,0,1,1,72,46,STYLE,0.49504950495049505,PZLA_PREFER_ZERO_LENGTH_ARRAYS,20,3,8,0.6792452830188679,0.4339622641509434,0.07547169811320754,-1.0,0.0,0.0,0.0,0.0,-1.0,0.0,0.0,0.0,-1.0,-1.0,44,1227,1117,2562,1183,0.11226851851851852,37,321,862,1541,0.08115637337402164,0,0,0,0,2,0,3,0.0,5,600,0,13,7,1,620,587,0.0640469220772877,34,1,1,1,0,1,1,1,1,0,1,1,0,1,1367,4806,1,1334,0,0,0,0,0,0,0,0,0,0,0,0,0,0,0,0,0,0,0,0,close
commons-B-24,2562,org/apache/commons/lang3,org/apache/commons/lang3/ArrayUtils.java,1117,true,13,223,6053,1,12,780,4,33,0.5283407763655101,2070,3507,1.6942028985507247,0.23076923076923078,0,1,0,0,0,1,0,0,1,0,0,0,0,0,0,0,0,1,1,0,1,0,1,0,0,0,1,1,1,1,0,0,1,0,0,0,0,0,0,1,1,1,1,1,0,0,1,1,0,0,0,0,0,0,1,1,72,46,STYLE,0.49504950495049505,PZLA_PREFER_ZERO_LENGTH_ARRAYS,20,3,8,0.6792452830188679,0.4339622641509434,0.07547169811320754,-1.0,0.0,0.0,0.0,0.0,-1.0,0.0,0.0,0.0,-1.0,-1.0,44,1227,1117,2562,1183,0.11226851851851852,37,321,862,1541,0.08115637337402164,0,0,0,0,2,0,3,0.0,5,600,0,13,7,1,620,587,0.0640469220772877,34,1,1,1,0,1,1,1,1,0,1,1,0,1,1367,4806,1,1334,0,0,0,0,0,0,0,0,0,0,0,0,0,0,0,0,0,0,0,0,open
commons-B-25,2562,org/apache/commons/lang3,org/apache/commons/lang3/ArrayUtils.java,1117,true,13,223,6053,1,12,780,4,33,0.5400206114737204,2070,3507,1.6942028985507247,0.23076923076923078,0,1,0,0,0,1,0,0,1,0,0,0,0,0,0,0,0,1,1,0,1,0,1,0,0,0,1,1,1,1,0,0,1,0,0,0,0,0,0,1,1,1,1,1,0,0,1,1,0,0,0,0,0,0,1,1,72,46,STYLE,0.49504950495049505,PZLA_PREFER_ZERO_LENGTH_ARRAYS,20,3,8,0.6792452830188679,0.4339622641509434,0.07547169811320754,-1.0,0.0,0.0,0.0,0.0,-1.0,0.0,0.0,0.0,-1.0,-1.0,44,1227,1117,2562,1183,0.11226851851851852,37,321,862,1541,0.08115637337402164,0,0,0,0,2,0,3,0.0,5,600,0,13,7,1,620,587,0.0640469220772877,34,1,1,1,0,1,1,1,1,0,1,1,0,1,1367,4806,1,1334,0,0,0,0,0,0,0,0,0,0,0,0,0,0,0,0,0,0,0,0,open
commons-B-26,2562,org/apache/commons/lang3,org/apache/commons/lang3/ArrayUtils.java,1117,true,13,223,6053,1,12,780,4,33,0.4933012710408794,2070,3507,1.6942028985507247,0.23076923076923078,0,1,0,0,0,1,0,0,1,0,0,0,0,0,0,0,0,1,1,0,1,0,1,0,0,0,1,1,1,1,0,0,1,0,0,0,0,0,0,1,1,1,1,1,0,0,1,1,0,0,0,0,0,0,1,1,72,46,STYLE,0.49504950495049505,PZLA_PREFER_ZERO_LENGTH_ARRAYS,20,3,8,0.6792452830188679,0.4339622641509434,0.07547169811320754,-1.0,0.0,0.0,0.0,0.0,-1.0,0.0,0.0,0.0,-1.0,-1.0,44,1227,1117,2562,1183,0.11226851851851852,37,321,862,1541,0.08115637337402164,0,0,0,0,2,0,3,0.0,5,600,0,13,7,1,620,587,0.0640469220772877,34,1,1,1,0,1,1,1,1,0,1,1,0,1,1367,4806,1,1334,0,0,0,0,0,0,0,0,0,0,0,0,0,0,0,0,0,0,0,0,close
commons-B-27,2562,org/apache/commons/lang3,org/apache/commons/lang3/ArrayUtils.java,1117,true,13,223,6053,1,12,780,4,33,0.4816214359326692,2070,3507,1.6942028985507247,0.23076923076923078,0,1,0,0,0,1,0,0,1,0,0,0,0,0,0,0,0,1,1,0,1,0,1,0,0,0,1,1,1,1,0,0,1,0,0,0,0,0,0,1,1,1,1,1,0,0,1,1,0,0,0,0,0,0,1,1,72,46,STYLE,0.49504950495049505,PZLA_PREFER_ZERO_LENGTH_ARRAYS,20,3,8,0.6792452830188679,0.4339622641509434,0.07547169811320754,-1.0,0.0,0.0,0.0,0.0,-1.0,0.0,0.0,0.0,-1.0,-1.0,44,1227,1117,2562,1183,0.11226851851851852,37,321,862,1541,0.08115637337402164,0,0,0,0,2,0,3,0.0,5,600,0,13,7,1,620,587,0.0640469220772877,34,1,1,1,0,1,1,1,1,0,1,1,0,1,1367,4806,1,1334,0,0,0,0,0,0,0,0,0,0,0,0,0,0,0,0,0,0,0,0,close
commons-B-28,2562,org/apache/commons/lang3,org/apache/commons/lang3/ArrayUtils.java,1117,true,13,223,6053,1,12,780,4,33,0.5049811061490896,2070,3507,1.6942028985507247,0.23076923076923078,0,1,0,0,0,1,0,0,1,0,0,0,0,0,0,0,0,1,1,0,1,0,1,0,0,0,1,1,1,1,0,0,1,0,0,0,0,0,0,1,1,1,1,1,0,0,1,1,0,0,0,0,0,0,1,1,72,46,STYLE,0.49504950495049505,PZLA_PREFER_ZERO_LENGTH_ARRAYS,20,3,8,0.6792452830188679,0.4339622641509434,0.07547169811320754,-1.0,0.0,0.0,0.0,0.0,-1.0,0.0,0.0,0.0,-1.0,-1.0,44,1227,1117,2562,1183,0.11226851851851852,37,321,862,1541,0.08115637337402164,0,0,0,0,2,0,3,0.0,5,600,0,13,7,1,620,587,0.0640469220772877,34,1,1,1,0,1,1,1,1,0,1,1,0,1,1367,4806,1,1334,0,0,0,0,0,0,0,0,0,0,0,0,0,0,0,0,0,0,0,0,open
commons-B-29,2562,org/apache/commons/lang3,org/apache/commons/lang3/ArrayUtils.java,1117,true,13,223,6053,1,12,780,4,33,0.5517004465819306,2070,3507,1.6942028985507247,0.23076923076923078,0,1,0,0,0,1,0,0,1,0,0,0,0,0,0,0,0,1,1,0,1,0,1,0,0,0,1,1,1,1,0,0,1,0,0,0,0,0,0,1,1,1,1,1,0,0,1,1,0,0,0,0,0,0,1,1,72,46,STYLE,0.49504950495049505,PZLA_PREFER_ZERO_LENGTH_ARRAYS,20,3,8,0.6792452830188679,0.4339622641509434,0.07547169811320754,-1.0,0.0,0.0,0.0,0.0,-1.0,0.0,0.0,0.0,-1.0,-1.0,44,1227,1117,2562,1183,0.11226851851851852,37,321,862,1541,0.08115637337402164,0,0,0,0,2,0,3,0.0,5,600,0,13,7,1,620,587,0.0640469220772877,34,1,1,1,0,1,1,1,1,0,1,1,0,1,1367,4806,1,1334,0,0,0,0,0,0,0,0,0,0,0,0,0,0,0,0,0,0,0,0,open
commons-B-30,2562,org/apache/commons/lang3,org/apache/commons/lang3/ArrayUtils.java,1117,true,13,223,6053,1,12,780,4,33,0.5441429062177946,2070,3507,1.6942028985507247,0.23076923076923078,0,1,0,0,0,1,0,0,1,0,0,0,0,0,0,0,0,1,1,0,1,0,1,0,0,0,1,1,1,1,0,0,1,0,0,0,0,0,0,1,1,1,1,1,0,0,1,1,0,0,0,0,0,0,1,1,72,46,STYLE,0.49504950495049505,PZLA_PREFER_ZERO_LENGTH_ARRAYS,20,3,16,0.6792452830188679,0.4339622641509434,0.1509433962264151,-1.0,0.0,0.0,0.0,0.0,-1.0,0.0,0.0,0.0,-1.0,-1.0,44,1227,1117,2562,1183,0.11226851851851852,37,321,862,1541,0.08115637337402164,0,0,0,0,2,0,3,0.0,5,600,0,13,7,1,620,587,0.0640469220772877,34,1,1,1,0,1,1,1,1,0,1,1,0,1,1367,4806,1,1334,0,0,0,0,0,0,0,0,0,0,0,0,0,0,0,0,0,0,0,0,close
commons-B-31,2562,org/apache/commons/lang3,org/apache/commons/lang3/ArrayUtils.java,1117,true,14,223,6053,1,12,780,4,33,0.5479216763998626,2070,3507,1.6942028985507247,0.21428571428571427,0,1,0,0,0,1,0,0,1,0,0,0,0,0,0,0,0,1,1,0,1,0,1,0,0,0,1,1,1,1,0,0,1,0,0,0,0,0,0,1,1,1,1,1,0,0,1,1,0,0,0,0,0,0,1,1,72,46,STYLE,0.49504950495049505,PZLA_PREFER_ZERO_LENGTH_ARRAYS,20,3,16,0.6792452830188679,0.4339622641509434,0.1509433962264151,-1.0,0.0,0.0,0.0,0.0,-1.0,0.0,0.0,0.0,-1.0,-1.0,44,1227,1117,2562,1183,0.11226851851851852,37,321,862,1541,0.08115637337402164,0,0,0,0,2,0,3,0.0,5,600,0,13,7,1,620,587,0.0640469220772877,34,1,1,1,0,1,1,1,1,0,1,1,0,1,1367,4806,1,1334,0,0,0,0,0,0,0,0,0,0,0,0,0,0,0,0,0,0,0,0,close
commons-B-32,2562,org/apache/commons/lang3,org/apache/commons/lang3/ArrayUtils.java,1117,true,13,223,6053,1,12,780,4,33,0.5091034008931639,2070,3507,1.6942028985507247,0.23076923076923078,0,1,0,0,0,1,0,0,1,0,0,0,0,0,0,0,0,1,1,0,1,0,1,0,0,0,1,1,1,1,0,0,1,0,0,0,0,0,0,1,1,1,1,1,0,0,1,1,0,0,0,0,0,0,1,1,72,46,STYLE,0.49504950495049505,PZLA_PREFER_ZERO_LENGTH_ARRAYS,20,3,16,0.6792452830188679,0.4339622641509434,0.1509433962264151,-1.0,0.0,0.0,0.0,0.0,-1.0,0.0,0.0,0.0,-1.0,-1.0,44,1227,1117,2562,1183,0.11226851851851852,37,321,862,1541,0.08115637337402164,0,0,0,0,2,0,3,0.0,5,600,0,13,7,1,620,587,0.0640469220772877,34,1,1,1,0,1,1,1,1,0,1,1,0,1,1367,4806,1,1334,0,0,0,0,0,0,0,0,0,0,0,0,0,0,0,0,0,0,0,0,close
commons-B-33,2562,org/apache/commons/lang3,org/apache/commons/lang3/ArrayUtils.java,1117,true,14,223,6053,1,12,780,4,33,0.5128821710752319,2070,3507,1.6942028985507247,0.21428571428571427,0,1,0,0,0,1,0,0,1,0,0,0,0,0,0,0,0,1,1,0,1,0,1,0,0,0,1,1,1,1,0,0,1,0,0,0,0,0,0,1,1,1,1,1,0,0,1,1,0,0,0,0,0,0,1,1,72,46,STYLE,0.49504950495049505,PZLA_PREFER_ZERO_LENGTH_ARRAYS,20,3,16,0.6792452830188679,0.4339622641509434,0.1509433962264151,-1.0,0.0,0.0,0.0,0.0,-1.0,0.0,0.0,0.0,-1.0,-1.0,44,1227,1117,2562,1183,0.11226851851851852,37,321,862,1541,0.08115637337402164,0,0,0,0,2,0,3,0.0,5,600,0,13,7,1,620,587,0.0640469220772877,34,1,1,1,0,1,1,1,1,0,1,1,0,1,1367,4806,1,1334,0,0,0,0,0,0,0,0,0,0,0,0,0,0,0,0,0,0,0,0,open
commons-B-34,2562,org/apache/commons/lang3,org/apache/commons/lang3/ArrayUtils.java,1117,true,13,223,6053,1,12,780,4,33,0.46238406046032293,2070,3507,1.6942028985507247,0.23076923076923078,0,1,0,0,0,1,0,0,1,0,0,0,0,0,0,0,0,1,1,0,1,0,1,0,0,0,1,1,1,1,0,0,1,0,0,0,0,0,0,1,1,1,1,1,0,0,1,1,0,0,0,0,0,0,1,1,72,46,STYLE,0.49504950495049505,PZLA_PREFER_ZERO_LENGTH_ARRAYS,20,3,16,0.6792452830188679,0.4339622641509434,0.1509433962264151,-1.0,0.0,0.0,0.0,0.0,-1.0,0.0,0.0,0.0,-1.0,-1.0,44,1227,1117,2562,1183,0.11226851851851852,37,321,862,1541,0.08115637337402164,0,0,0,0,2,0,3,0.0,5,600,0,13,7,1,620,587,0.0640469220772877,34,1,1,1,0,1,1,1,1,0,1,1,0,1,1367,4806,1,1334,0,0,0,0,0,0,0,0,0,0,0,0,0,0,0,0,0,0,0,0,open
commons-B-35,2562,org/apache/commons/lang3,org/apache/commons/lang3/ArrayUtils.java,1117,true,14,223,6053,1,12,780,4,33,0.46616283064239095,2070,3507,1.6942028985507247,0.21428571428571427,0,1,0,0,0,1,0,0,1,0,0,0,0,0,0,0,0,1,1,0,1,0,1,0,0,0,1,1,1,1,0,0,1,0,0,0,0,0,0,1,1,1,1,1,0,0,1,1,0,0,0,0,0,0,1,1,72,46,STYLE,0.49504950495049505,PZLA_PREFER_ZERO_LENGTH_ARRAYS,20,3,16,0.6792452830188679,0.4339622641509434,0.1509433962264151,-1.0,0.0,0.0,0.0,0.0,-1.0,0.0,0.0,0.0,-1.0,-1.0,44,1227,1117,2562,1183,0.11226851851851852,37,321,862,1541,0.08115637337402164,0,0,0,0,2,0,3,0.0,5,600,0,13,7,1,620,587,0.0640469220772877,34,1,1,1,0,1,1,1,1,0,1,1,0,1,1367,4806,1,1334,0,0,0,0,0,0,0,0,0,0,0,0,0,0,0,0,0,0,0,0,close
commons-B-36,2562,org/apache/commons/lang3,org/apache/commons/lang3/ArrayUtils.java,1117,true,13,223,6053,1,12,780,4,33,0.5207832360013741,2070,3507,1.6942028985507247,0.23076923076923078,0,1,0,0,0,1,0,0,1,0,0,0,0,0,0,0,0,1,1,0,1,0,1,0,0,0,1,1,1,1,0,0,1,0,0,0,0,0,0,1,1,1,1,1,0,0,1,1,0,0,0,0,0,0,1,1,72,46,STYLE,0.49504950495049505,PZLA_PREFER_ZERO_LENGTH_ARRAYS,20,3,16,0.6792452830188679,0.4339622641509434,0.1509433962264151,-1.0,0.0,0.0,0.0,0.0,-1.0,0.0,0.0,0.0,-1.0,-1.0,44,1227,1117,2562,1183,0.11226851851851852,37,321,862,1541,0.08115637337402164,0,0,0,0,2,0,3,0.0,5,600,0,13,7,1,620,587,0.0640469220772877,34,1,1,1,0,1,1,1,1,0,1,1,0,1,1367,4806,1,1334,0,0,0,0,0,0,0,0,0,0,0,0,0,0,0,0,0,0,0,0,close
commons-B-37,2562,org/apache/commons/lang3,org/apache/commons/lang3/ArrayUtils.java,1117,true,14,223,6053,1,12,780,4,33,0.5245620061834421,2070,3507,1.6942028985507247,0.21428571428571427,0,1,0,0,0,1,0,0,1,0,0,0,0,0,0,0,0,1,1,0,1,0,1,0,0,0,1,1,1,1,0,0,1,0,0,0,0,0,0,1,1,1,1,1,0,0,1,1,0,0,0,0,0,0,1,1,72,46,STYLE,0.49504950495049505,PZLA_PREFER_ZERO_LENGTH_ARRAYS,20,3,16,0.6792452830188679,0.4339622641509434,0.1509433962264151,-1.0,0.0,0.0,0.0,0.0,-1.0,0.0,0.0,0.0,-1.0,-1.0,44,1227,1117,2562,1183,0.11226851851851852,37,321,862,1541,0.08115637337402164,0,0,0,0,2,0,3,0.0,5,600,0,13,7,1,620,587,0.0640469220772877,34,1,1,1,0,1,1,1,1,0,1,1,0,1,1367,4806,1,1334,0,0,0,0,0,0,0,0,0,0,0,0,0,0,0,0,0,0,0,0,close
commons-B-38,2562,org/apache/commons/lang3,org/apache/commons/lang3/ArrayUtils.java,1117,true,13,223,6053,1,12,780,4,33,0.5324630711095844,2070,3507,1.6942028985507247,0.23076923076923078,0,1,0,0,0,1,0,0,1,0,0,0,0,0,0,0,0,1,1,0,1,0,1,0,0,0,1,1,1,1,0,0,1,0,0,0,0,0,0,1,1,1,1,1,0,0,1,1,0,0,0,0,0,0,1,1,72,46,STYLE,0.49504950495049505,PZLA_PREFER_ZERO_LENGTH_ARRAYS,20,3,16,0.6792452830188679,0.4339622641509434,0.1509433962264151,-1.0,0.0,0.0,0.0,0.0,-1.0,0.0,0.0,0.0,-1.0,-1.0,44,1227,1117,2562,1183,0.11226851851851852,37,321,862,1541,0.08115637337402164,0,0,0,0,2,0,3,0.0,5,600,0,13,7,1,620,587,0.0640469220772877,34,1,1,1,0,1,1,1,1,0,1,1,0,1,1367,4806,1,1334,0,0,0,0,0,0,0,0,0,0,0,0,0,0,0,0,0,0,0,0,open
commons-B-39,2562,org/apache/commons/lang3,org/apache/commons/lang3/ArrayUtils.java,1117,true,14,223,6053,1,12,780,4,33,0.5362418412916523,2070,3507,1.6942028985507247,0.21428571428571427,0,1,0,0,0,1,0,0,1,0,0,0,0,0,0,0,0,1,1,0,1,0,1,0,0,0,1,1,1,1,0,0,1,0,0,0,0,0,0,1,1,1,1,1,0,0,1,1,0,0,0,0,0,0,1,1,72,46,STYLE,0.49504950495049505,PZLA_PREFER_ZERO_LENGTH_ARRAYS,20,3,16,0.6792452830188679,0.4339622641509434,0.1509433962264151,-1.0,0.0,0.0,0.0,0.0,-1.0,0.0,0.0,0.0,-1.0,-1.0,44,1227,1117,2562,1183,0.11226851851851852,37,321,862,1541,0.08115637337402164,0,0,0,0,2,0,3,0.0,5,600,0,13,7,1,620,587,0.0640469220772877,34,1,1,1,0,1,1,1,1,0,1,1,0,1,1367,4806,1,1334,0,0,0,0,0,0,0,0,0,0,0,0,0,0,0,0,0,0,0,0,close
commons-B-40,2562,org/apache/commons/lang3,org/apache/commons/lang3/ArrayUtils.java,1117,true,13,223,6053,1,12,780,4,33,0.48574373067674337,2070,3507,1.6942028985507247,0.23076923076923078,0,1,0,0,0,1,0,0,1,0,0,0,0,0,0,0,0,1,1,0,1,0,1,0,0,0,1,1,1,1,0,0,1,0,0,0,0,0,0,1,1,1,1,1,0,0,1,1,0,0,0,0,0,0,1,1,72,46,STYLE,0.49504950495049505,PZLA_PREFER_ZERO_LENGTH_ARRAYS,20,3,16,0.6792452830188679,0.4339622641509434,0.1509433962264151,-1.0,0.0,0.0,0.0,0.0,-1.0,0.0,0.0,0.0,-1.0,-1.0,44,1227,1117,2562,1183,0.11226851851851852,37,321,862,1541,0.08115637337402164,0,0,0,0,2,0,3,0.0,5,600,0,13,7,1,620,587,0.0640469220772877,34,1,1,1,0,1,1,1,1,0,1,1,0,1,1367,4806,1,1334,0,0,0,0,0,0,0,0,0,0,0,0,0,0,0,0,0,0,0,0,close
commons-B-41,2562,org/apache/commons/lang3,org/apache/commons/lang3/ArrayUtils.java,1117,true,14,223,6053,1,12,780,4,33,0.4895225008588114,2070,3507,1.6942028985507247,0.21428571428571427,0,1,0,0,0,1,0,0,1,0,0,0,0,0,0,0,0,1,1,0,1,0,1,0,0,0,1,1,1,1,0,0,1,0,0,0,0,0,0,1,1,1,1,1,0,0,1,1,0,0,0,0,0,0,1,1,72,46,STYLE,0.49504950495049505,PZLA_PREFER_ZERO_LENGTH_ARRAYS,20,3,16,0.6792452830188679,0.4339622641509434,0.1509433962264151,-1.0,0.0,0.0,0.0,0.0,-1.0,0.0,0.0,0.0,-1.0,-1.0,44,1227,1117,2562,1183,0.11226851851851852,37,321,862,1541,0.08115637337402164,0,0,0,0,2,0,3,0.0,5,600,0,13,7,1,620,587,0.0640469220772877,34,1,1,1,0,1,1,1,1,0,1,1,0,1,1367,4806,1,1334,0,0,0,0,0,0,0,0,0,0,0,0,0,0,0,0,0,0,0,0,close
commons-B-42,2562,org/apache/commons/lang3,org/apache/commons/lang3/ArrayUtils.java,1117,true,13,223,6053,1,12,780,4,33,0.4740638955685331,2070,3507,1.6942028985507247,0.23076923076923078,0,1,0,0,0,1,0,0,1,0,0,0,0,0,0,0,0,1,1,0,1,0,1,0,0,0,1,1,1,1,0,0,1,0,0,0,0,0,0,1,1,1,1,1,0,0,1,1,0,0,0,0,0,0,1,1,72,46,STYLE,0.49504950495049505,PZLA_PREFER_ZERO_LENGTH_ARRAYS,20,3,16,0.6792452830188679,0.4339622641509434,0.1509433962264151,-1.0,0.0,0.0,0.0,0.0,-1.0,0.0,0.0,0.0,-1.0,-1.0,44,1227,1117,2562,1183,0.11226851851851852,37,321,862,1541,0.08115637337402164,0,0,0,0,2,0,3,0.0,5,600,0,13,7,1,620,587,0.0640469220772877,34,1,1,1,0,1,1,1,1,0,1,1,0,1,1367,4806,1,1334,0,0,0,0,0,0,0,0,0,0,0,0,0,0,0,0,0,0,0,0,open
commons-B-43,2562,org/apache/commons/lang3,org/apache/commons/lang3/ArrayUtils.java,1117,true,14,223,6053,1,12,780,4,33,0.4778426657506012,2070,3507,1.6942028985507247,0.21428571428571427,0,1,0,0,0,1,0,0,1,0,0,0,0,0,0,0,0,1,1,0,1,0,1,0,0,0,1,1,1,1,0,0,1,0,0,0,0,0,0,1,1,1,1,1,0,0,1,1,0,0,0,0,0,0,1,1,72,46,STYLE,0.49504950495049505,PZLA_PREFER_ZERO_LENGTH_ARRAYS,20,3,16,0.6792452830188679,0.4339622641509434,0.1509433962264151,-1.0,0.0,0.0,0.0,0.0,-1.0,0.0,0.0,0.0,-1.0,-1.0,44,1227,1117,2562,1183,0.11226851851851852,37,321,862,1541,0.08115637337402164,0,0,0,0,2,0,3,0.0,5,600,0,13,7,1,620,587,0.0640469220772877,34,1,1,1,0,1,1,1,1,0,1,1,0,1,1367,4806,1,1334,0,0,0,0,0,0,0,0,0,0,0,0,0,0,0,0,0,0,0,0,open
commons-B-44,2562,org/apache/commons/lang3,org/apache/commons/lang3/ArrayUtils.java,1117,true,13,223,6053,1,12,780,4,33,0.4974235657849536,2070,3507,1.6942028985507247,0.23076923076923078,0,1,0,0,0,1,0,0,1,0,0,0,0,0,0,0,0,1,1,0,1,0,1,0,0,0,1,1,1,1,0,0,1,0,0,0,0,0,0,1,1,1,1,1,0,0,1,1,0,0,0,0,0,0,1,1,72,46,STYLE,0.49504950495049505,PZLA_PREFER_ZERO_LENGTH_ARRAYS,20,3,16,0.6792452830188679,0.4339622641509434,0.1509433962264151,-1.0,0.0,0.0,0.0,0.0,-1.0,0.0,0.0,0.0,-1.0,-1.0,44,1227,1117,2562,1183,0.11226851851851852,37,321,862,1541,0.08115637337402164,0,0,0,0,2,0,3,0.0,5,600,0,13,7,1,620,587,0.0640469220772877,34,1,1,1,0,1,1,1,1,0,1,1,0,1,1367,4806,1,1334,0,0,0,0,0,0,0,0,0,0,0,0,0,0,0,0,0,0,0,0,open
commons-B-45,2562,org/apache/commons/lang3,org/apache/commons/lang3/ArrayUtils.java,1117,true,14,223,6053,1,12,780,4,33,0.5012023359670217,2070,3507,1.6942028985507247,0.21428571428571427,0,1,0,0,0,1,0,0,1,0,0,0,0,0,0,0,0,1,1,0,1,0,1,0,0,0,1,1,1,1,0,0,1,0,0,0,0,0,0,1,1,1,1,1,0,0,1,1,0,0,0,0,0,0,1,1,72,46,STYLE,0.49504950495049505,PZLA_PREFER_ZERO_LENGTH_ARRAYS,20,3,16,0.6792452830188679,0.4339622641509434,0.1509433962264151,-1.0,0.0,0.0,0.0,0.0,-1.0,0.0,0.0,0.0,-1.0,-1.0,44,1227,1117,2562,1183,0.11226851851851852,37,321,862,1541,0.08115637337402164,0,0,0,0,2,0,3,0.0,5,600,0,13,7,1,620,587,0.0640469220772877,34,1,1,1,0,1,1,1,1,0,1,1,0,1,1367,4806,1,1334,0,0,0,0,0,0,0,0,0,0,0,0,0,0,0,0,0,0,0,0,close
commons-B-46,2562,org/apache/commons/lang3,org/apache/commons/lang3/BooleanUtils.java,1117,true,70,40,6053,1,8,780,16,33,0.5036968576709797,365,671,1.8383561643835618,0.02857142857142857,0,1,0,0,1,1,0,0,1,0,0,0,0,0,0,0,0,1,1,1,1,0,1,0,0,0,1,1,1,1,0,0,1,0,0,0,0,0,0,1,1,1,1,1,0,1,1,1,0,0,0,0,0,0,1,1,72,10,BAD_PRACTICE,0.0297029702970297,ES_COMPARING_PARAMETER_STRING_WITH_EQ,14,1,6,0.6792452830188679,0.09433962264150944,0.05660377358490566,-1.0,0.0,0.0,0.0,0.0,-1.0,0.0,0.0,0.0,-1.0,-1.0,23,1227,1117,2562,1183,0.0,37,321,862,1541,0.08115637337402164,0,0,0,0,0,0,0,0.0,0,600,0,13,7,0,620,587,0.0640469220772877,239,1,0,0,0,0,1,1,0,0,1,1,0,1,1572,4806,1,1334,0,0,0,0,0,0,0,0,0,0,0,0,0,0,0,0,0,0,0,0,open
commons-B-47,2562,org/apache/commons/lang3,org/apache/commons/lang3/BooleanUtils.java,1117,true,17,40,6053,1,0,780,7,33,0.6608133086876156,365,671,1.8383561643835618,1.0,0,1,0,0,0,1,0,0,1,0,0,0,0,0,0,0,0,1,1,0,1,0,1,0,0,0,1,1,1,1,0,0,1,0,0,0,0,0,0,1,1,1,1,1,0,0,1,1,0,0,0,0,0,0,1,1,72,10,BAD_PRACTICE,0.0297029702970297,ES_COMPARING_PARAMETER_STRING_WITH_EQ,19,3,3,0.6792452830188679,0.09433962264150944,0.02830188679245283,-1.0,0.0,0.0,0.0,0.0,-1.0,0.0,0.0,0.0,-1.0,-1.0,5,520,573,1855,1183,0.0,37,321,862,1541,0.08115637337402164,0,0,0,0,0,0,0,0.0,0,600,0,13,7,0,620,587,0.0640469220772877,239,0,0,0,0,0,1,0,0,0,1,1,0,0,1572,4806,1,1334,0,0,0,0,0,0,0,0,0,0,0,0,0,0,0,0,0,0,0,0,open
commons-B-48,2562,org/apache/commons/lang3,org/apache/commons/lang3/BooleanUtils.java,1117,true,17,40,6053,1,8,780,7,33,0.6589648798521257,365,671,1.8383561643835618,0.11764705882352941,0,1,0,0,0,1,0,0,1,0,0,0,0,0,0,0,0,1,1,0,1,0,1,0,0,0,1,1,1,1,0,0,1,0,0,0,0,0,0,1,1,1,1,1,0,0,1,1,0,0,0,0,0,0,1,1,72,10,BAD_PRACTICE,0.0297029702970297,ES_COMPARING_PARAMETER_STRING_WITH_EQ,19,3,3,0.6792452830188679,0.09433962264150944,0.02830188679245283,-1.0,0.0,0.0,0.0,0.0,-1.0,0.0,0.0,0.0,-1.0,-1.0,5,520,573,1855,1183,0.0,37,321,862,1541,0.08115637337402164,0,0,0,0,0,0,0,0.0,0,600,0,13,7,0,620,587,0.0640469220772877,239,0,0,0,0,0,1,0,0,0,1,1,0,0,1572,4806,1,1334,0,0,0,0,0,0,0,0,0,0,0,0,0,0,0,0,0,0,0,0,open
commons-B-49,2562,org/apache/commons/lang3,org/apache/commons/lang3/BooleanUtils.java,1117,true,6,40,6053,1,12,780,2,33,0.06007393715341959,365,671,1.8383561643835618,0.5,0,1,0,0,0,1,0,0,1,0,0,0,0,0,0,0,0,1,1,0,1,0,1,0,0,0,1,1,1,1,0,0,1,0,0,0,0,0,0,1,1,1,1,1,0,0,1,1,0,0,0,0,0,0,1,1,72,10,BAD_PRACTICE,0.0594059405940594,NP_BOOLEAN_RETURN_NULL,14,2,1,0.6792452830188679,0.09433962264150944,0.009433962264150943,-1.0,0.0,0.0,0.0,0.0,-1.0,0.0,0.0,0.0,-1.0,-1.0,23,1227,1117,2562,1183,0.0,37,321,862,1541,0.08115637337402164,0,0,0,0,0,0,0,0.0,0,600,0,13,7,0,620,587,0.0640469220772877,239,1,0,0,0,0,1,1,0,0,1,1,0,1,1572,4806,1,1334,0,0,0,0,0,0,0,0,0,0,0,0,0,0,0,0,0,0,0,0,open
commons-B-50,2562,org/apache/commons/lang3,org/apache/commons/lang3/BooleanUtils.java,1117,true,12,40,6053,1,12,780,5,33,0.3068391866913124,365,671,1.8383561643835618,0.75,0,1,0,0,0,1,0,0,1,0,0,0,0,0,0,0,0,1,1,0,1,0,1,0,0,0,1,1,1,1,0,0,1,0,0,0,0,0,0,1,1,1,1,1,0,0,1,1,0,0,0,0,0,0,1,1,72,10,BAD_PRACTICE,0.0594059405940594,NP_BOOLEAN_RETURN_NULL,14,2,6,0.6792452830188679,0.09433962264150944,0.05660377358490566,-1.0,0.0,0.0,0.0,0.0,-1.0,0.0,0.0,0.0,-1.0,-1.0,23,1227,1117,2562,1183,0.0,37,321,862,1541,0.08115637337402164,0,0,0,0,0,0,0,0.0,0,600,0,13,7,0,620,587,0.0640469220772877,239,1,0,0,0,0,1,1,0,0,1,1,0,1,1572,4806,1,1334,0,0,0,0,0,0,0,0,0,0,0,0,0,0,0,0,0,0,0,0,open
commons-B-51,2562,org/apache/commons/lang3,org/apache/commons/lang3/BooleanUtils.java,1117,true,6,40,6053,1,12,780,2,33,0.22181146025878004,365,671,1.8383561643835618,0.5,0,1,0,0,0,1,0,0,1,0,0,0,0,0,0,0,0,1,1,0,1,0,1,0,0,0,1,1,1,1,0,0,1,0,0,0,0,0,0,1,1,1,1,1,0,0,1,1,0,0,0,0,0,0,1,1,72,10,BAD_PRACTICE,0.0594059405940594,NP_BOOLEAN_RETURN_NULL,14,2,6,0.6792452830188679,0.09433962264150944,0.05660377358490566,-1.0,0.0,0.0,0.0,0.0,-1.0,0.0,0.0,0.0,-1.0,-1.0,23,1227,1117,2562,1183,0.0,37,321,862,1541,0.08115637337402164,0,0,0,0,0,0,0,0.0,0,600,0,13,7,0,620,587,0.0640469220772877,239,1,0,0,0,0,1,1,0,0,1,1,0,1,1572,4806,1,1334,0,0,0,0,0,0,0,0,0,0,0,0,0,0,0,0,0,0,0,0,open
commons-B-52,2562,org/apache/commons/lang3,org/apache/commons/lang3/BooleanUtils.java,1117,true,46,40,6053,1,14,780,17,33,0.34057301293900183,365,671,1.8383561643835618,0.32608695652173914,0,0,0,0,0,1,0,0,1,0,0,0,0,0,0,0,0,1,1,0,1,0,1,0,0,0,1,1,1,1,0,0,1,0,0,0,0,0,0,1,1,1,1,1,0,0,1,1,0,0,0,0,0,0,1,1,72,10,BAD_PRACTICE,0.0594059405940594,NP_BOOLEAN_RETURN_NULL,14,2,6,0.6792452830188679,0.09433962264150944,0.05660377358490566,-1.0,0.0,0.0,0.0,0.0,-1.0,0.0,0.0,0.0,-1.0,-1.0,23,1227,1117,2562,1183,0.0,37,321,862,1541,0.08115637337402164,0,0,0,0,0,0,0,0.0,0,600,0,13,7,0,620,587,0.0640469220772877,239,1,0,0,0,0,1,1,0,0,1,1,0,1,1572,4806,1,1334,0,0,0,0,0,0,0,0,0,0,0,0,0,0,0,0,0,0,0,0,open
commons-B-53,2562,org/apache/commons/lang3,org/apache/commons/lang3/BooleanUtils.java,1117,true,140,40,6053,1,10,780,31,33,0.5415896487985212,365,671,1.8383561643835618,0.26785714285714285,0,0,0,0,0,1,0,0,1,0,0,0,0,0,0,0,0,1,1,0,1,0,1,0,0,0,1,1,1,1,0,0,1,0,0,0,0,0,0,1,1,1,1,1,0,0,1,1,0,0,0,0,0,0,1,1,72,10,BAD_PRACTICE,0.0594059405940594,NP_BOOLEAN_RETURN_NULL,14,2,6,0.6792452830188679,0.09433962264150944,0.05660377358490566,-1.0,0.0,0.0,0.0,0.0,-1.0,0.0,0.0,0.0,-1.0,-1.0,23,1227,1117,2562,1183,0.0,37,321,862,1541,0.08115637337402164,0,0,0,0,0,0,0,0.0,0,600,0,13,7,0,620,587,0.0640469220772877,239,1,0,0,0,0,1,1,0,0,1,1,0,1,1572,4806,1,1334,0,0,0,0,0,0,0,0,0,0,0,0,0,0,0,0,0,0,0,0,open
commons-B-54,2562,org/apache/commons/lang3,org/apache/commons/lang3/BooleanUtils.java,1117,true,46,40,6053,1,14,780,17,33,0.6076709796672828,365,671,1.8383561643835618,0.32608695652173914,0,0,0,0,0,1,0,0,1,0,0,0,0,0,0,0,0,1,1,0,1,0,1,0,0,0,1,1,1,1,0,0,1,0,0,0,0,0,0,1,1,1,1,1,0,0,1,1,0,0,0,0,0,0,1,1,72,10,BAD_PRACTICE,0.0594059405940594,NP_BOOLEAN_RETURN_NULL,14,2,6,0.6792452830188679,0.09433962264150944,0.05660377358490566,-1.0,0.0,0.0,0.0,0.0,-1.0,0.0,0.0,0.0,-1.0,-1.0,23,1227,1117,2562,1183,0.0,37,321,862,1541,0.08115637337402164,0,0,0,0,0,0,0,0.0,0,600,0,13,7,0,620,587,0.0640469220772877,239,1,0,0,0,0,1,1,0,0,1,1,0,1,1572,4806,1,1334,0,0,0,0,0,0,0,0,0,0,0,0,0,0,0,0,0,0,0,0,open
commons-B-55,2562,org/apache/commons/lang3,org/apache/commons/lang3/BooleanUtils.java,1117,true,3,40,6053,1,8,780,1,33,0.6423290203327172,365,671,1.8383561643835618,0.6666666666666666,0,1,1,0,0,1,0,0,1,0,0,0,0,0,0,0,0,1,1,1,1,0,1,0,0,0,1,1,1,1,0,0,1,0,0,0,0,0,0,1,1,1,1,1,0,1,1,1,0,0,0,0,0,0,1,1,72,10,BAD_PRACTICE,0.009900990099009901,RC_REF_COMPARISON_BAD_PRACTICE_BOOLEAN,16,2,3,0.6792452830188679,0.09433962264150944,0.02830188679245283,-1.0,0.0,0.0,0.0,0.0,-1.0,0.0,0.0,0.0,-1.0,-1.0,16,993,895,2328,1183,0.0,37,321,862,1541,0.08115637337402164,0,0,0,0,0,0,0,0.0,0,600,0,13,7,0,620,587,0.0640469220772877,239,0,0,0,0,0,1,1,0,0,1,1,0,1,1572,4806,1,1334,0,0,0,0,0,0,0,0,0,0,0,0,0,0,0,0,0,0,0,0,open
commons-B-56,2562,org/apache/commons/lang3,org/apache/commons/lang3/ClassUtils.java,1117,true,13,40,6053,1,12,780,4,33,0.6369257950530035,487,571,1.1724845995893223,0.23076923076923078,0,1,0,0,0,1,0,0,1,0,0,0,0,0,0,0,0,1,1,0,1,0,1,0,0,0,1,1,1,1,0,0,1,0,0,0,0,0,0,1,1,1,1,1,0,0,1,1,0,0,0,0,0,0,1,1,72,4,STYLE,0.49504950495049505,PZLA_PREFER_ZERO_LENGTH_ARRAYS,20,3,1,0.6792452830188679,0.03773584905660377,0.009433962264150943,-1.0,0.0,0.0,0.0,0.0,-1.0,0.0,0.0,0.0,-1.0,-1.0,24,1227,1117,2562,1183,0.029850746268656716,37,321,862,1541,0.08115637337402164,0,0,0,0,1,0,1,0.0,2,600,0,13,7,0,620,587,0.0640469220772877,34,1,0,1,0,0,1,1,0,0,1,1,0,1,1367,4806,1,1334,0,0,0,0,0,0,0,0,0,0,0,0,0,0,0,0,0,0,0,0,close
commons-B-57,2562,org/apache/commons/lang3,org/apache/commons/lang3/ClassUtils.java,1117,true,13,40,6053,1,12,780,4,33,0.8683745583038869,487,571,1.1724845995893223,0.23076923076923078,0,1,0,0,0,1,0,0,1,0,0,0,0,0,0,0,0,1,1,0,1,0,1,0,0,0,1,1,1,1,0,0,1,0,0,0,0,0,0,1,1,1,1,1,0,0,1,1,0,0,0,0,0,0,1,1,72,4,STYLE,0.49504950495049505,PZLA_PREFER_ZERO_LENGTH_ARRAYS,20,3,1,0.6792452830188679,0.03773584905660377,0.009433962264150943,-1.0,0.0,0.0,0.0,0.0,-1.0,0.0,0.0,0.0,-1.0,-1.0,24,1227,1117,2562,1183,0.029850746268656716,37,321,862,1541,0.08115637337402164,0,0,0,0,1,0,1,0.0,2,600,0,13,7,0,620,587,0.0640469220772877,34,1,0,1,0,0,1,1,0,0,1,1,0,1,1367,4806,1,1334,0,0,0,0,0,0,0,0,0,0,0,0,0,0,0,0,0,0,0,0,close
commons-B-58,2562,org/apache/commons/lang3,org/apache/commons/lang3/ClassUtils.java,1117,true,13,40,6053,1,12,780,4,33,0.681095406360424,487,571,1.1724845995893223,0.23076923076923078,0,1,0,0,0,1,0,0,1,0,0,0,0,0,0,0,0,1,1,0,1,0,1,0,0,0,1,1,1,1,0,0,1,0,0,0,0,0,0,1,1,1,1,1,0,0,1,1,0,0,0,0,0,0,1,1,72,4,STYLE,0.49504950495049505,PZLA_PREFER_ZERO_LENGTH_ARRAYS,20,3,1,0.6792452830188679,0.03773584905660377,0.009433962264150943,-1.0,0.0,0.0,0.0,0.0,-1.0,0.0,0.0,0.0,-1.0,-1.0,24,1227,1117,2562,1183,0.029850746268656716,37,321,862,1541,0.08115637337402164,0,0,0,0,1,0,1,0.0,2,600,0,13,7,0,620,587,0.0640469220772877,34,1,0,1,0,0,1,1,0,0,1,1,0,1,1367,4806,1,1334,0,0,0,0,0,0,0,0,0,0,0,0,0,0,0,0,0,0,0,0,close
commons-B-59,2562,org/apache/commons/lang3,org/apache/commons/lang3/ClassUtils.java,1117,true,0,40,6053,1,0,780,1,33,0.07685512367491167,487,571,1.1724845995893223,1.0,0,1,0,0,0,1,0,0,1,0,0,0,0,0,0,0,0,1,1,0,1,0,1,0,0,0,1,1,1,1,0,0,1,0,0,0,0,0,0,1,1,1,1,1,0,0,1,1,0,0,0,0,0,0,1,1,72,4,PERFORMANCE,0.009900990099009901,WMI_WRONG_MAP_ITERATOR,18,2,1,0.6792452830188679,0.03773584905660377,0.009433962264150943,-1.0,0.0,0.0,0.0,0.0,-1.0,0.0,0.0,0.0,-1.0,-1.0,24,1227,1117,2562,1183,0.029850746268656716,37,321,862,1541,0.08115637337402164,0,0,0,0,1,0,1,0.0,2,600,0,13,7,0,620,587,0.0640469220772877,34,1,0,1,0,0,1,1,0,0,1,1,0,1,1367,4806,1,1334,0,0,0,0,0,0,0,0,0,0,0,0,0,0,0,0,0,0,0,0,close
commons-B-60,2562,org/apache/commons/lang3,org/apache/commons/lang3/StringUtils.java,1117,true,6,180,6053,1,8,780,2,33,0.7740709459459459,2248,4553,2.025355871886121,0.8333333333333334,0,1,0,0,0,1,0,0,1,0,0,0,0,0,0,0,0,1,1,0,1,1,1,0,0,0,1,1,1,1,0,1,1,0,0,0,0,0,0,1,1,1,1,1,0,0,1,1,0,0,1,0,0,0,1,1,72,8,I18N,0.0297029702970297,DM_CONVERT_CASE,20,3,1,0.6792452830188679,0.07547169811320754,0.009433962264150943,-1.0,0.0,0.0,0.0,0.0,-1.0,0.0,0.0,0.0,-1.0,-1.0,150,1227,1117,2562,1183,0.5043667030369158,37,321,862,1541,0.08115637337402164,558,0,0,558,4,558,606,0.5914257137661393,610,600,0,13,7,602,620,587,0.0640469220772877,22,1,1,1,0,1,1,1,0,0,1,1,1,1,1355,4806,1,1334,0,0,0,0,0,0,0,0,0,0,0,0,0,0,0,0,0,0,0,0,close
commons-B-61,2562,org/apache/commons/lang3,org/apache/commons/lang3/StringUtils.java,1117,true,6,180,6053,1,8,780,2,33,0.7671734234234234,2248,4553,2.025355871886121,0.8333333333333334,0,1,0,0,0,1,0,0,1,0,0,0,0,0,0,0,0,1,1,0,1,1,1,0,0,0,1,1,1,1,0,0,1,0,0,1,0,0,0,1,1,1,1,1,0,0,1,1,0,0,1,0,0,0,1,1,72,8,I18N,0.0297029702970297,DM_CONVERT_CASE,20,3,1,0.6792452830188679,0.07547169811320754,0.009433962264150943,-1.0,0.0,0.0,0.0,0.0,-1.0,0.0,0.0,0.0,-1.0,-1.0,150,1227,1117,2562,1183,0.5043667030369158,37,321,862,1541,0.08115637337402164,558,0,0,558,4,558,606,0.5914257137661393,610,600,0,13,7,602,620,587,0.0640469220772877,22,1,1,1,0,1,1,1,0,0,1,1,1,1,1355,4806,1,1334,0,0,0,0,0,0,0,0,0,0,0,0,0,0,0,0,0,0,0,0,close
commons-B-62,2562,org/apache/commons/lang3,org/apache/commons/lang3/StringUtils.java,1117,true,3,180,6053,1,8,780,1,33,0.9995777027027027,2248,4553,2.025355871886121,0.6666666666666666,0,1,0,1,0,1,0,0,1,0,0,0,0,0,0,0,0,1,1,1,1,0,1,0,0,0,1,1,1,1,0,0,1,0,0,0,0,0,0,1,1,1,1,1,0,1,1,1,0,0,0,0,0,0,1,1,72,8,I18N,0.009900990099009901,DM_DEFAULT_ENCODING,19,1,1,0.6792452830188679,0.07547169811320754,0.009433962264150943,-1.0,0.0,0.0,0.0,0.0,-1.0,0.0,0.0,0.0,-1.0,-1.0,17,279,444,1614,1183,0.5043667030369158,37,321,862,1541,0.08115637337402164,558,0,0,558,4,558,606,0.5914257137661393,610,600,0,13,7,602,620,587,0.0640469220772877,22,0,0,0,0,0,1,1,0,0,0,1,1,1,1355,4806,1,1334,0,0,0,0,0,0,0,0,0,0,0,0,0,0,0,0,0,0,0,0,close
commons-B-63,2562,org/apache/commons/lang3,org/apache/commons/lang3/StringUtils.java,1117,true,32,180,6053,1,12,780,8,33,0.43426238738738737,2248,4553,2.025355871886121,0.09375,0,1,0,0,0,1,0,0,1,0,0,0,0,0,0,0,0,1,1,0,1,0,1,0,0,0,1,1,1,1,0,0,1,0,0,0,0,0,0,1,1,1,1,1,0,0,1,1,0,0,0,0,0,0,1,1,72,8,STYLE,0.49504950495049505,PZLA_PREFER_ZERO_LENGTH_ARRAYS,20,3,1,0.6792452830188679,0.07547169811320754,0.009433962264150943,-1.0,0.0,0.0,0.0,0.0,-1.0,0.0,0.0,0.0,-1.0,-1.0,150,1227,1117,2562,1183,0.5043667030369158,37,321,862,1541,0.08115637337402164,558,0,0,558,4,558,606,0.5914257137661393,610,600,0,13,7,602,620,587,0.0640469220772877,22,1,1,1,0,1,1,1,0,0,1,1,1,1,1355,4806,1,1334,0,0,0,0,0,0,0,0,0,0,0,0,0,0,0,0,0,0,0,0,close
commons-B-64,2562,org/apache/commons/lang3,org/apache/commons/lang3/StringUtils.java,1117,true,51,180,6053,1,12,780,14,33,0.3755630630630631,2248,4553,2.025355871886121,0.058823529411764705,0,1,0,0,0,1,0,0,1,0,0,0,0,0,0,0,0,1,1,0,1,0,1,0,0,0,1,1,1,1,0,0,1,0,0,0,0,0,0,1,1,1,1,1,0,0,1,1,0,0,0,0,0,0,1,1,72,8,STYLE,0.49504950495049505,PZLA_PREFER_ZERO_LENGTH_ARRAYS,20,3,1,0.6792452830188679,0.07547169811320754,0.009433962264150943,-1.0,0.0,0.0,0.0,0.0,-1.0,0.0,0.0,0.0,-1.0,-1.0,150,1227,1117,2562,1183,0.5043667030369158,37,321,862,1541,0.08115637337402164,558,0,0,558,4,558,606,0.5914257137661393,610,600,0,13,7,602,620,587,0.0640469220772877,22,1,1,1,0,1,1,1,0,0,1,1,1,1,1355,4806,1,1334,0,0,0,0,0,0,0,0,0,0,0,0,0,0,0,0,0,0,0,0,close
commons-B-65,2562,org/apache/commons/lang3,org/apache/commons/lang3/StringUtils.java,1117,true,31,180,6053,1,12,780,7,33,0.3958333333333333,2248,4553,2.025355871886121,0.0967741935483871,0,1,0,0,0,1,0,0,1,0,0,0,0,0,0,0,0,1,1,0,1,0,1,0,0,0,1,1,1,1,0,0,1,0,0,0,0,0,0,1,1,1,1,1,0,0,1,1,0,0,0,0,0,0,1,1,72,8,STYLE,0.49504950495049505,PZLA_PREFER_ZERO_LENGTH_ARRAYS,20,3,2,0.6792452830188679,0.07547169811320754,0.018867924528301886,-1.0,0.0,0.0,0.0,0.0,-1.0,0.0,0.0,0.0,-1.0,-1.0,150,1227,1117,2562,1183,0.5043667030369158,37,321,862,1541,0.08115637337402164,558,0,0,558,4,558,606,0.5914257137661393,610,600,0,13,7,602,620,587,0.0640469220772877,22,1,1,1,0,1,1,1,0,0,1,1,1,1,1355,4806,1,1334,0,0,0,0,0,0,0,0,0,0,0,0,0,0,0,0,0,0,0,0,close
commons-B-66,2562,org/apache/commons/lang3,org/apache/commons/lang3/StringUtils.java,1117,true,79,180,6053,1,12,780,19,33,0.4137105855855856,2248,4553,2.025355871886121,0.0379746835443038,0,1,0,0,0,1,0,0,1,0,0,0,0,0,0,0,0,1,1,0,1,0,1,0,0,0,1,1,1,1,0,0,1,0,0,0,0,0,0,1,1,1,1,1,0,0,1,1,0,0,0,0,0,0,1,1,72,8,STYLE,0.49504950495049505,PZLA_PREFER_ZERO_LENGTH_ARRAYS,20,3,2,0.6792452830188679,0.07547169811320754,0.018867924528301886,-1.0,0.0,0.0,0.0,0.0,-1.0,0.0,0.0,0.0,-1.0,-1.0,150,1227,1117,2562,1183,0.5043667030369158,37,321,862,1541,0.08115637337402164,558,0,0,558,4,558,606,0.5914257137661393,610,600,0,13,7,602,620,587,0.0640469220772877,22,1,1,1,0,1,1,1,0,0,1,1,1,1,1355,4806,1,1334,0,0,0,0,0,0,0,0,0,0,0,0,0,0,0,0,0,0,0,0,close
commons-B-67,2562,org/apache/commons/lang3,org/apache/commons/lang3/StringUtils.java,1117,true,60,180,6053,1,12,780,13,33,0.3367117117117117,2248,4553,2.025355871886121,0.25,18,0,0,0,0,1,0,0,1,0,0,0,0,0,0,0,0,1,1,0,1,0,1,0,0,0,1,1,1,1,0,0,1,0,0,0,0,0,0,1,1,1,1,1,0,0,1,1,0,0,0,0,0,0,1,1,72,8,STYLE,0.49504950495049505,PZLA_PREFER_ZERO_LENGTH_ARRAYS,20,3,1,0.6792452830188679,0.07547169811320754,0.009433962264150943,-1.0,0.0,0.0,0.0,0.0,-1.0,0.0,0.0,0.0,-1.0,-1.0,150,1227,1117,2562,1183,0.5043667030369158,37,321,862,1541,0.08115637337402164,558,0,0,558,4,558,606,0.5914257137661393,610,600,0,13,7,602,620,587,0.0640469220772877,22,1,1,1,0,1,1,1,0,0,1,1,1,1,1355,4806,1,1334,0,0,0,0,0,0,0,0,0,0,0,0,0,0,0,0,0,0,0,0,close
commons-B-68,2562,org/apache/commons/lang3/builder,org/apache/commons/lang3/builder/HashCodeBuilder.java,1117,true,3,35,1828,1,8,345,1,14,0.9968814968814969,282,632,2.2411347517730498,0.6666666666666666,1,2,0,0,0,1,0,0,1,0,0,0,0,0,0,0,0,1,1,0,1,0,1,0,0,0,1,1,1,1,0,0,1,0,0,0,0,0,0,1,1,1,1,1,0,0,1,1,0,0,0,0,0,0,1,1,1,1,BAD_PRACTICE,0.009900990099009901,HE_HASHCODE_USE_OBJECT_EQUALS,19,3,1,0.009433962264150943,0.009433962264150943,0.009433962264150943,-1.0,0.0,0.0,0.0,0.0,-1.0,0.0,0.0,0.0,-1.0,-1.0,21,1227,1117,2562,0,0.0,0,0,0,0,0.0,0,0,0,0,0,0,0,0.0,0,0,0,0,0,0,0,0,0.0,175,1,0,1,0,1,1,1,0,1,0,1,0,1,1508,4806,175,1508,0,0,0,0,0,0,0,0,0,0,0,0,0,0,0,0,0,0,0,0,open
commons-B-69,2562,org/apache/commons/lang3/concurrent,org/apache/commons/lang3/concurrent/ConcurrentUtils.java,1117,true,8,13,472,2,12,79,3,20,0.4194373401534527,119,242,2.033613445378151,0.75,4,1,0,0,0,1,0,0,1,0,0,0,0,0,0,0,0,1,1,0,1,0,1,0,0,0,1,1,1,1,0,0,1,0,0,0,0,0,0,1,1,1,1,1,0,0,1,1,0,0,0,0,0,0,1,1,2,2,STYLE,0.019801980198019802,BC_UNCONFIRMED_CAST_OF_RETURN_VALUE,20,3,2,0.018867924528301886,0.018867924528301886,0.018867924528301886,-1.0,0.0,0.0,0.0,0.0,-1.0,0.0,0.0,0.0,-1.0,-1.0,11,1227,1117,2562,0,0.0,0,0,0,0,0.0,0,0,0,0,0,0,0,0.0,0,0,0,0,0,0,0,0,0.0,175,1,0,0,0,1,1,1,0,0,0,0,0,0,1508,4806,62,1395,0,0,0,0,0,0,0,0,0,0,0,0,0,0,0,0,0,0,0,0,close
commons-B-70,2562,org/apache/commons/lang3/concurrent,org/apache/commons/lang3/concurrent/ConcurrentUtils.java,1117,true,8,13,472,2,12,79,3,20,0.4092071611253197,119,242,2.033613445378151,0.375,4,1,0,0,0,1,0,0,1,0,0,0,0,0,0,0,0,1,1,0,1,0,1,0,0,0,1,1,1,1,0,0,1,0,0,0,0,0,0,1,1,1,1,1,0,0,1,1,0,0,0,0,0,0,1,1,2,2,STYLE,0.019801980198019802,BC_UNCONFIRMED_CAST_OF_RETURN_VALUE,20,3,2,0.018867924528301886,0.018867924528301886,0.018867924528301886,-1.0,0.0,0.0,0.0,0.0,-1.0,0.0,0.0,0.0,-1.0,-1.0,11,1227,1117,2562,0,0.0,0,0,0,0,0.0,0,0,0,0,0,0,0,0.0,0,0,0,0,0,0,0,0,0.0,175,1,0,0,0,1,1,1,0,0,0,0,0,0,1508,4806,62,1395,0,0,0,0,0,0,0,0,0,0,0,0,0,0,0,0,0,0,0,0,open
commons-B-71,2507,org/apache/commons/lang3/math,org/apache/commons/lang3/math/NumberUtils.java,1093,true,26,48,849,1,0,94,6,3,0.5070821529745042,629,695,1.1049284578696343,1.0,0,1,0,0,0,1,0,0,1,0,1,1,0,0,0,0,0,1,1,0,1,1,1,0,0,0,1,1,1,1,0,0,1,0,0,0,1,0,0,1,1,1,1,1,0,0,1,1,1,0,0,0,0,0,1,1,4,3,CORRECTNESS,0.019801980198019802,RpC_REPEATED_CONDITIONAL_TEST,6,1,1,0.03773584905660377,0.02830188679245283,0.009433962264150943,-1.0,0.0,0.0,0.0,0.0,-1.0,0.0,0.0,0.0,-1.0,-1.0,2,14,49,1349,43,0.32919956927494615,5,64,-21,112,0.11690164853967738,42,63,5,110,63,-21,42,0.32919956927494615,110,42,5,63,5,-21,110,-21,0.10973318975831538,14,0,0,0,0,0,0,0,0,0,0,0,0,1,1347,4806,14,1347,0,0,0,0,0,0,0,0,0,0,0,0,0,0,0,0,0,0,0,0,close
commons-B-72,2507,org/apache/commons/lang3/math,org/apache/commons/lang3/math/NumberUtils.java,1093,true,147,48,849,1,19,94,35,3,0.37889518413597734,629,695,1.1049284578696343,0.5894498150137248,44,1,0,0,0,1,0,0,1,0,0,0,0,0,0,0,0,1,1,0,1,0,1,0,0,0,1,1,1,1,0,0,1,0,0,0,0,0,0,1,1,1,1,1,0,0,1,1,0,0,0,0,0,0,1,1,4,3,STYLE,0.019801980198019802,SF_SWITCH_FALLTHROUGH,17,2,2,0.03773584905660377,0.02830188679245283,0.018867924528301886,-1.0,0.0,0.0,0.0,0.0,-1.0,0.0,0.0,0.0,-1.0,-1.0,25,1227,1117,2562,43,0.32919956927494615,5,64,-21,112,0.11690164853967738,42,63,5,110,63,-21,42,0.32919956927494615,110,42,5,63,5,-21,110,-21,0.10973318975831538,14,1,0,1,0,0,1,1,0,0,0,1,0,1,1347,4806,14,1347,0,0,0,0,0,0,0,0,0,0,0,0,0,0,0,0,0,0,0,0,open
commons-B-73,2507,org/apache/commons/lang3/math,org/apache/commons/lang3/math/NumberUtils.java,1093,true,147,48,849,1,21,94,35,3,0.3611898016997167,629,695,1.1049284578696343,0.5822183858437635,44,1,0,0,0,1,0,0,1,0,0,0,0,0,0,0,0,1,1,0,1,0,1,0,0,0,1,1,1,1,0,0,1,0,0,0,0,0,0,1,1,1,1,1,0,0,1,1,0,0,0,0,0,0,1,1,4,3,STYLE,0.06930693069306931,SF_SWITCH_NO_DEFAULT,19,2,2,0.03773584905660377,0.02830188679245283,0.018867924528301886,-1.0,0.0,0.0,0.0,0.0,-1.0,0.0,0.0,0.0,-1.0,-1.0,25,1227,1117,2562,43,0.32919956927494615,5,64,-21,112,0.11690164853967738,42,63,5,110,63,-21,42,0.32919956927494615,110,42,5,63,5,-21,110,-21,0.10973318975831538,14,1,0,1,0,0,1,1,0,0,0,1,0,1,1347,4806,14,1347,0,0,0,0,0,0,0,0,0,0,0,0,0,0,0,0,0,0,0,0,open
commons-B-74,2562,org/apache/commons/lang3/reflect,org/apache/commons/lang3/reflect/FieldUtils.java,1117,true,23,29,716,1,20,86,6,5,0.280672268907563,230,331,1.4391304347826086,0.5217391304347826,0,1,0,0,0,1,0,0,1,0,0,0,0,0,0,0,0,1,1,0,1,0,1,0,0,0,1,1,1,1,0,0,1,0,0,0,0,0,0,1,1,1,1,1,0,0,1,1,0,0,0,0,0,0,1,1,4,4,MALICIOUS_CODE,0.039603960396039604,DP_DO_INSIDE_DO_PRIVILEGED,20,3,1,0.03773584905660377,0.03773584905660377,0.009433962264150943,-1.0,0.0,0.0,0.0,0.0,-1.0,0.0,0.0,0.0,-1.0,-1.0,11,1227,1117,2562,0,0.0,0,0,0,0,0.0,0,0,0,0,0,0,0,0.0,0,0,0,0,0,0,0,0,0.0,475,1,0,1,0,1,1,1,0,0,0,1,0,0,1808,4806,151,1484,0,0,0,0,0,0,0,0,0,0,0,0,0,0,0,0,0,0,0,0,open
commons-B-75,2562,org/apache/commons/lang3/reflect,org/apache/commons/lang3/reflect/FieldUtils.java,1117,true,37,29,716,1,24,86,9,5,0.17142857142857143,230,331,1.4391304347826086,0.35135135135135137,0,1,0,0,0,1,0,0,1,0,0,0,0,0,0,0,0,1,1,0,1,0,1,0,0,0,1,1,1,1,0,0,1,0,0,0,0,0,0,1,1,1,1,1,0,0,1,1,0,0,0,0,0,0,1,1,4,4,MALICIOUS_CODE,0.039603960396039604,DP_DO_INSIDE_DO_PRIVILEGED,20,3,1,0.03773584905660377,0.03773584905660377,0.009433962264150943,-1.0,0.0,0.0,0.0,0.0,-1.0,0.0,0.0,0.0,-1.0,-1.0,11,1227,1117,2562,0,0.0,0,0,0,0,0.0,0,0,0,0,0,0,0,0.0,0,0,0,0,0,0,0,0,0.0,475,1,0,1,0,1,1,1,0,0,0,1,0,0,1808,4806,151,1484,0,0,0,0,0,0,0,0,0,0,0,0,0,0,0,0,0,0,0,0,open
commons-B-76,2562,org/apache/commons/lang3/reflect,org/apache/commons/lang3/reflect/FieldUtils.java,1117,true,12,29,716,1,12,86,4,5,0.5142857142857142,230,331,1.4391304347826086,0.5,0,1,0,0,0,1,0,0,1,0,0,0,0,0,0,0,0,1,1,0,1,0,1,0,0,0,1,1,1,1,0,0,1,0,0,0,0,0,0,1,1,1,1,1,0,0,1,1,0,0,0,0,0,0,1,1,4,4,MALICIOUS_CODE,0.039603960396039604,DP_DO_INSIDE_DO_PRIVILEGED,20,3,1,0.03773584905660377,0.03773584905660377,0.009433962264150943,-1.0,0.0,0.0,0.0,0.0,-1.0,0.0,0.0,0.0,-1.0,-1.0,11,1227,1117,2562,0,0.0,0,0,0,0,0.0,0,0,0,0,0,0,0,0.0,0,0,0,0,0,0,0,0,0.0,475,1,0,1,0,1,1,1,0,0,0,1,0,0,1808,4806,151,1484,0,0,0,0,0,0,0,0,0,0,0,0,0,0,0,0,0,0,0,0,open
commons-B-77,2562,org/apache/commons/lang3/reflect,org/apache/commons/lang3/reflect/FieldUtils.java,1117,true,12,29,716,1,12,86,4,5,0.865546218487395,230,331,1.4391304347826086,0.5,0,1,0,0,0,1,0,0,1,0,0,0,0,0,0,0,0,1,1,0,1,0,1,0,0,0,1,1,1,1,0,0,1,0,0,0,0,0,0,1,1,1,1,1,0,0,1,1,0,0,0,0,0,0,1,1,4,4,MALICIOUS_CODE,0.039603960396039604,DP_DO_INSIDE_DO_PRIVILEGED,20,3,1,0.03773584905660377,0.03773584905660377,0.009433962264150943,-1.0,0.0,0.0,0.0,0.0,-1.0,0.0,0.0,0.0,-1.0,-1.0,11,1227,1117,2562,0,0.0,0,0,0,0,0.0,0,0,0,0,0,0,0,0.0,0,0,0,0,0,0,0,0,0.0,475,1,0,1,0,1,1,1,0,0,0,1,0,0,1808,4806,151,1484,0,0,0,0,0,0,0,0,0,0,0,0,0,0,0,0,0,0,0,0,open
commons-B-78,2562,org/apache/commons/lang3/text,org/apache/commons/lang3/text/ExtendedMessageFormat.java,1117,true,23,21,2036,1,15,319,7,19,0.7065420560747664,313,195,0.6230031948881789,0.6361556064073227,0,1,0,0,0,1,0,0,1,0,0,0,0,0,1,0,0,1,1,0,1,0,1,0,0,0,1,1,1,1,0,0,1,0,0,0,0,0,0,1,1,1,1,1,0,0,1,1,0,0,0,0,0,0,1,1,4,2,STYLE,0.06930693069306931,SF_SWITCH_NO_DEFAULT,19,2,1,0.03773584905660377,0.018867924528301886,0.009433962264150943,-1.0,0.0,0.0,0.0,0.0,-1.0,0.0,0.0,0.0,-1.0,-1.0,14,1227,1117,2562,28,0.0,0,7,21,35,0.021345695040891285,0,0,0,0,0,0,0,0.0,0,1,0,0,0,0,1,1,0.007142857142857143,73,1,0,1,0,1,1,1,0,0,0,0,0,1,1406,4806,6,1339,0,0,0,0,0,0,0,0,0,0,0,0,0,0,0,0,0,0,0,0,close
commons-B-79,2562,org/apache/commons/lang3/text,org/apache/commons/lang3/text/ExtendedMessageFormat.java,1117,true,12,21,2036,1,8,319,1,19,0.25514018691588786,313,195,0.6230031948881789,0.3333333333333333,0,0,0,0,0,1,0,0,1,0,0,0,0,0,0,0,0,1,1,0,1,0,1,0,0,0,1,1,1,1,0,0,1,0,0,0,0,0,0,1,1,1,1,1,0,0,1,1,0,0,0,0,0,0,1,1,4,2,CORRECTNESS,0.009900990099009901,UR_UNINIT_READ_CALLED_FROM_SUPER_CONSTRUCTOR,10,2,1,0.03773584905660377,0.018867924528301886,0.009433962264150943,-1.0,0.0,0.0,0.0,0.0,-1.0,0.0,0.0,0.0,-1.0,-1.0,14,1227,1117,2562,28,0.0,0,7,21,35,0.021345695040891285,0,0,0,0,0,0,0,0.0,0,1,0,0,0,0,1,1,0.007142857142857143,73,1,0,1,0,1,1,1,0,0,0,0,0,1,1406,4806,6,1339,0,0,0,0,0,0,0,0,0,0,0,0,0,0,0,0,0,0,0,0,open
commons-B-80,2562,org/apache/commons/lang3/text,org/apache/commons/lang3/text/StrTokenizer.java,1117,true,8,64,2036,1,12,319,1,19,0.966786355475763,431,592,1.3735498839907192,0.5625,0,1,0,0,0,1,0,0,1,0,0,0,0,0,0,0,0,1,1,0,1,0,1,0,0,0,1,1,1,1,0,0,1,0,0,0,0,0,0,1,1,1,1,1,0,0,1,1,0,0,0,0,0,0,1,1,4,1,BAD_PRACTICE,0.009900990099009901,CN_IDIOM_NO_SUPER_CALL,14,1,1,0.03773584905660377,0.009433962264150943,0.009433962264150943,-1.0,0.0,0.0,0.0,0.0,-1.0,0.0,0.0,0.0,-1.0,-1.0,10,1227,1117,2562,28,0.0,0,7,21,35,0.021345695040891285,0,0,0,0,0,0,0,0.0,0,1,0,0,0,0,1,1,0.007142857142857143,175,1,0,0,0,0,1,1,0,0,1,0,0,1,1508,4806,6,1339,0,0,0,0,0,0,0,0,0,0,0,0,0,0,0,0,0,0,0,0,open
commons-B-81,2502,org/apache/commons/lang3/text,org/apache/commons/lang3/text/WordUtils.java,1093,true,8,13,2036,1,8,319,2,19,0.5513078470824949,173,300,1.7341040462427746,0.75,0,1,0,0,0,1,0,0,1,0,0,0,0,0,0,0,0,1,1,0,1,1,1,0,0,0,1,1,1,1,0,1,1,0,0,0,0,0,0,1,1,1,1,1,0,0,1,1,0,0,1,0,0,0,1,1,4,1,I18N,0.0297029702970297,DM_CONVERT_CASE,20,3,1,0.03773584905660377,0.009433962264150943,0.009433962264150943,-1.0,0.0,0.0,0.0,0.0,-1.0,0.0,0.0,0.0,-1.0,-1.0,11,1167,1093,2502,28,0.0,0,7,21,35,0.021345695040891285,0,0,0,0,0,0,0,0.0,0,1,0,0,0,0,1,1,0.007142857142857143,239,1,0,0,0,0,1,1,0,0,0,0,0,0,1572,4806,6,1339,0,0,0,0,0,0,0,0,0,0,0,0,0,0,0,0,0,0,0,0,close
commons-B-82,1996,org/apache/commons/lang3/time,org/apache/commons/lang3/time/DateUtils.java,637,true,102,59,1859,2,14,206,34,39,0.9057203389830508,595,1203,2.0218487394957982,0.22549019607843138,0,0,0,0,0,1,0,0,1,0,0,1,0,0,0,0,1,1,1,0,1,0,1,0,1,0,1,1,1,1,0,0,1,0,0,0,0,0,1,1,1,1,1,1,0,0,1,1,0,1,0,0,0,0,1,1,19,4,STYLE,0.019801980198019802,SF_SWITCH_FALLTHROUGH,17,2,2,0.1792452830188679,0.03773584905660377,0.018867924528301886,-1.0,0.0,0.0,0.0,0.0,-1.0,0.0,0.0,0.0,-1.0,-1.0,32,1227,1117,2562,13,0.0,0,6,7,19,0.04051277721490488,0,0,0,0,0,0,0,0.0,0,0,0,0,0,0,0,0,0.0,120,1,0,1,0,0,1,1,1,0,1,0,0,1,1453,4806,31,1364,0,0,0,0,0,0,0,0,0,0,0,0,0,0,0,0,0,0,0,0,open
commons-B-83,1996,org/apache/commons/lang3/time,org/apache/commons/lang3/time/DateUtils.java,637,true,34,59,1859,2,13,206,12,39,0.8951271186440678,595,1203,2.0218487394957982,0.4264705882352941,0,1,0,0,0,1,0,0,1,0,0,1,0,0,0,0,1,1,1,0,1,0,1,0,1,0,1,1,1,1,0,0,1,0,0,0,0,0,1,1,1,1,1,1,0,0,1,1,0,1,0,0,0,0,1,1,19,4,STYLE,0.06930693069306931,SF_SWITCH_NO_DEFAULT,19,2,2,0.1792452830188679,0.03773584905660377,0.018867924528301886,-1.0,0.0,0.0,0.0,0.0,-1.0,0.0,0.0,0.0,-1.0,-1.0,32,1227,1117,2562,13,0.0,0,6,7,19,0.04051277721490488,0,0,0,0,0,0,0,0.0,0,0,0,0,0,0,0,0,0.0,120,1,0,1,0,0,1,1,1,0,1,0,0,1,1453,4806,31,1364,0,0,0,0,0,0,0,0,0,0,0,0,0,0,0,0,0,0,0,0,close
commons-B-84,1996,org/apache/commons/lang3/time,org/apache/commons/lang3/time/DateUtils.java,637,true,66,59,1859,2,22,206,19,39,0.6260593220338984,595,1203,2.0218487394957982,0.4684343434343434,0,1,0,0,0,1,0,0,1,0,0,0,0,0,0,0,0,1,1,0,1,0,1,0,0,0,1,1,1,1,0,0,1,0,0,0,0,0,0,1,1,1,1,1,0,0,1,1,0,0,0,0,0,0,1,1,19,4,STYLE,0.06930693069306931,SF_SWITCH_NO_DEFAULT,19,2,1,0.1792452830188679,0.03773584905660377,0.009433962264150943,-1.0,0.0,0.0,0.0,0.0,-1.0,0.0,0.0,0.0,-1.0,-1.0,32,1227,1117,2562,13,0.0,0,6,7,19,0.04051277721490488,0,0,0,0,0,0,0,0.0,0,0,0,0,0,0,0,0,0.0,120,1,0,1,0,0,1,1,1,0,1,0,0,1,1453,4806,31,1364,0,0,0,0,0,0,0,0,0,0,0,0,0,0,0,0,0,0,0,0,close
commons-B-85,1996,org/apache/commons/lang3/time,org/apache/commons/lang3/time/DateUtils.java,637,true,98,59,1859,2,22,206,29,39,0.5545550847457628,595,1203,2.0218487394957982,0.5904081632653061,48,1,0,0,0,1,0,0,1,0,0,0,0,0,0,0,0,1,1,0,1,0,1,0,0,0,1,1,1,1,0,0,1,0,0,0,0,0,0,1,1,1,1,1,0,0,1,1,0,0,0,0,0,0,1,1,19,4,STYLE,0.06930693069306931,SF_SWITCH_NO_DEFAULT,19,2,1,0.1792452830188679,0.03773584905660377,0.009433962264150943,-1.0,0.0,0.0,0.0,0.0,-1.0,0.0,0.0,0.0,-1.0,-1.0,32,1227,1117,2562,13,0.0,0,6,7,19,0.04051277721490488,0,0,0,0,0,0,0,0.0,0,0,0,0,0,0,0,0,0.0,120,1,0,1,0,0,1,1,1,0,1,0,0,1,1453,4806,31,1364,0,0,0,0,0,0,0,0,0,0,0,0,0,0,0,0,0,0,0,0,close
commons-B-86,2507,org/apache/commons/lang3/time,org/apache/commons/lang3/time/DurationFormatUtils.java,1093,true,51,11,1859,2,0,206,13,39,0.6596385542168675,365,243,0.6657534246575343,1.0,0,1,0,0,0,1,0,0,1,0,0,0,0,0,0,0,0,1,1,0,1,0,1,0,0,1,1,1,1,1,0,0,1,1,0,0,0,0,0,1,1,1,1,1,0,0,1,1,0,0,0,0,0,1,1,1,19,9,BAD_PRACTICE,0.07920792079207921,ES_COMPARING_STRINGS_WITH_EQ,11,2,7,0.1792452830188679,0.08490566037735849,0.0660377358490566,-1.0,0.0,0.0,0.0,0.0,-1.0,0.0,0.0,0.0,-1.0,-1.0,9,1227,1117,2562,13,0.0,0,6,7,19,0.04051277721490488,0,0,0,0,0,0,0,0.0,0,0,0,0,0,0,0,0,0.0,73,1,0,0,0,0,1,1,0,0,1,0,0,1,1406,4806,31,1364,0,0,0,0,0,0,0,0,0,0,0,0,0,0,0,0,0,0,0,0,close
commons-B-87,2507,org/apache/commons/lang3/time,org/apache/commons/lang3/time/DurationFormatUtils.java,1093,true,51,11,1859,2,0,206,13,39,0.6475903614457831,365,243,0.6657534246575343,1.0,0,1,0,0,0,1,0,0,1,0,0,0,0,0,0,0,0,1,1,0,1,0,1,0,0,1,1,1,1,1,0,0,1,1,0,0,0,0,0,1,1,1,1,1,0,0,1,1,0,0,0,0,0,1,1,1,19,9,BAD_PRACTICE,0.07920792079207921,ES_COMPARING_STRINGS_WITH_EQ,11,2,7,0.1792452830188679,0.08490566037735849,0.0660377358490566,-1.0,0.0,0.0,0.0,0.0,-1.0,0.0,0.0,0.0,-1.0,-1.0,9,1227,1117,2562,13,0.0,0,6,7,19,0.04051277721490488,0,0,0,0,0,0,0,0.0,0,0,0,0,0,0,0,0,0.0,73,1,0,0,0,0,1,1,0,0,1,0,0,1,1406,4806,31,1364,0,0,0,0,0,0,0,0,0,0,0,0,0,0,0,0,0,0,0,0,close
commons-B-88,2507,org/apache/commons/lang3/time,org/apache/commons/lang3/time/DurationFormatUtils.java,1093,true,51,11,1859,2,0,206,13,39,0.677710843373494,365,243,0.6657534246575343,1.0,0,1,0,0,0,1,0,0,1,0,0,0,0,0,0,0,0,1,1,0,1,0,1,0,0,1,1,1,1,1,0,0,1,1,0,0,0,0,0,1,1,1,1,1,0,0,1,1,0,0,0,0,0,1,1,1,19,9,BAD_PRACTICE,0.07920792079207921,ES_COMPARING_STRINGS_WITH_EQ,11,2,7,0.1792452830188679,0.08490566037735849,0.0660377358490566,-1.0,0.0,0.0,0.0,0.0,-1.0,0.0,0.0,0.0,-1.0,-1.0,9,1227,1117,2562,13,0.0,0,6,7,19,0.04051277721490488,0,0,0,0,0,0,0,0.0,0,0,0,0,0,0,0,0,0.0,73,1,0,0,0,0,1,1,0,0,1,0,0,1,1406,4806,31,1364,0,0,0,0,0,0,0,0,0,0,0,0,0,0,0,0,0,0,0,0,close
commons-B-89,2507,org/apache/commons/lang3/time,org/apache/commons/lang3/time/DurationFormatUtils.java,1093,true,51,11,1859,2,0,206,13,39,0.6536144578313253,365,243,0.6657534246575343,1.0,0,1,0,0,0,1,0,0,1,0,0,0,0,0,0,0,0,1,1,0,1,0,1,0,0,1,1,1,1,1,0,0,1,1,0,0,0,0,0,1,1,1,1,1,0,0,1,1,0,0,0,0,0,1,1,1,19,9,BAD_PRACTICE,0.07920792079207921,ES_COMPARING_STRINGS_WITH_EQ,11,2,7,0.1792452830188679,0.08490566037735849,0.0660377358490566,-1.0,0.0,0.0,0.0,0.0,-1.0,0.0,0.0,0.0,-1.0,-1.0,9,1227,1117,2562,13,0.0,0,6,7,19,0.04051277721490488,0,0,0,0,0,0,0,0.0,0,0,0,0,0,0,0,0,0.0,73,1,0,0,0,0,1,1,0,0,1,0,0,1,1406,4806,31,1364,0,0,0,0,0,0,0,0,0,0,0,0,0,0,0,0,0,0,0,0,close
commons-B-90,2507,org/apache/commons/lang3/time,org/apache/commons/lang3/time/DurationFormatUtils.java,1093,true,51,11,1859,2,0,206,13,39,0.6656626506024096,365,243,0.6657534246575343,1.0,0,1,0,0,0,1,0,0,1,0,0,0,0,0,0,0,0,1,1,0,1,0,1,0,0,1,1,1,1,1,0,0,1,1,0,0,0,0,0,1,1,1,1,1,0,0,1,1,0,0,0,0,0,1,1,1,19,9,BAD_PRACTICE,0.07920792079207921,ES_COMPARING_STRINGS_WITH_EQ,11,2,7,0.1792452830188679,0.08490566037735849,0.0660377358490566,-1.0,0.0,0.0,0.0,0.0,-1.0,0.0,0.0,0.0,-1.0,-1.0,9,1227,1117,2562,13,0.0,0,6,7,19,0.04051277721490488,0,0,0,0,0,0,0,0.0,0,0,0,0,0,0,0,0,0.0,73,1,0,0,0,0,1,1,0,0,1,0,0,1,1406,4806,31,1364,0,0,0,0,0,0,0,0,0,0,0,0,0,0,0,0,0,0,0,0,close
commons-B-91,2507,org/apache/commons/lang3/time,org/apache/commons/lang3/time/DurationFormatUtils.java,1093,true,51,11,1859,2,0,206,13,39,0.6716867469879518,365,243,0.6657534246575343,1.0,0,1,0,0,0,1,0,0,1,0,0,0,0,0,0,0,0,1,1,0,1,0,1,0,0,0,1,1,1,1,0,0,1,0,0,0,0,0,0,1,1,1,1,1,0,0,1,1,0,0,0,0,0,0,1,1,19,9,BAD_PRACTICE,0.07920792079207921,ES_COMPARING_STRINGS_WITH_EQ,11,2,7,0.1792452830188679,0.08490566037735849,0.0660377358490566,-1.0,0.0,0.0,0.0,0.0,-1.0,0.0,0.0,0.0,-1.0,-1.0,9,1227,1117,2562,13,0.0,0,6,7,19,0.04051277721490488,0,0,0,0,0,0,0,0.0,0,0,0,0,0,0,0,0,0.0,73,1,0,0,0,0,1,1,0,0,1,0,0,1,1406,4806,31,1364,0,0,0,0,0,0,0,0,0,0,0,0,0,0,0,0,0,0,0,0,close
commons-B-92,2507,org/apache/commons/lang3/time,org/apache/commons/lang3/time/DurationFormatUtils.java,1093,true,51,11,1859,2,16,206,13,39,0.641566265060241,365,243,0.6657534246575343,0.2549019607843137,0,1,0,0,0,1,0,0,1,0,0,0,0,0,0,0,0,1,1,0,1,0,1,0,0,1,1,1,1,1,0,0,1,1,0,0,0,0,0,1,1,1,1,1,0,0,1,1,0,0,0,0,0,1,1,1,19,9,BAD_PRACTICE,0.07920792079207921,ES_COMPARING_STRINGS_WITH_EQ,11,2,7,0.1792452830188679,0.08490566037735849,0.0660377358490566,-1.0,0.0,0.0,0.0,0.0,-1.0,0.0,0.0,0.0,-1.0,-1.0,9,1227,1117,2562,13,0.0,0,6,7,19,0.04051277721490488,0,0,0,0,0,0,0,0.0,0,0,0,0,0,0,0,0,0.0,73,1,0,0,0,0,1,1,0,0,1,0,0,1,1406,4806,31,1364,0,0,0,0,0,0,0,0,0,0,0,0,0,0,0,0,0,0,0,0,close
commons-B-93,2507,org/apache/commons/lang3/time,org/apache/commons/lang3/time/DurationFormatUtils.java,1093,true,0,11,1859,2,0,206,1,39,0.7951807228915663,365,243,0.6657534246575343,1.0,0,1,0,0,0,1,0,0,1,0,0,0,0,0,0,0,0,1,1,0,1,0,1,0,0,0,1,1,1,1,0,0,1,0,0,0,0,0,0,1,1,1,1,1,0,0,1,1,0,0,0,0,0,0,1,1,19,9,BAD_PRACTICE,0.07920792079207921,ES_COMPARING_STRINGS_WITH_EQ,11,2,1,0.1792452830188679,0.08490566037735849,0.009433962264150943,-1.0,0.0,0.0,0.0,0.0,-1.0,0.0,0.0,0.0,-1.0,-1.0,9,1227,1117,2562,13,0.0,0,6,7,19,0.04051277721490488,0,0,0,0,0,0,0,0.0,0,0,0,0,0,0,0,0,0.0,73,1,0,0,0,0,1,1,0,0,1,0,0,1,1406,4806,31,1364,0,0,0,0,0,0,0,0,0,0,0,0,0,0,0,0,0,0,0,0,close
commons-B-94,2507,org/apache/commons/lang3/time,org/apache/commons/lang3/time/DurationFormatUtils.java,1093,true,182,11,1859,2,14,206,45,39,0.4917168674698795,365,243,0.6657534246575343,0.22252747252747251,0,1,0,0,0,1,0,0,1,0,0,1,1,1,0,1,0,1,1,0,1,0,1,0,1,1,1,1,1,1,1,0,1,0,0,0,0,0,1,1,1,1,1,1,0,0,1,1,1,1,0,0,0,0,1,1,19,9,CORRECTNESS,0.019801980198019802,RpC_REPEATED_CONDITIONAL_TEST,11,3,1,0.1792452830188679,0.08490566037735849,0.009433962264150943,-1.0,0.0,0.0,0.0,0.0,-1.0,0.0,0.0,0.0,-1.0,-1.0,9,1227,1117,2562,13,0.0,0,6,7,19,0.04051277721490488,0,0,0,0,0,0,0,0.0,0,0,0,0,0,0,0,0,0.0,73,1,0,0,0,0,1,1,0,0,1,0,0,1,1406,4806,31,1364,0,0,0,0,0,0,0,0,0,0,0,0,0,0,0,0,0,0,0,0,open
commons-B-95,1540,org/apache/commons/lang3/time,org/apache/commons/lang3/time/FastDateParser.java,343,true,12,22,1859,10,8,206,3,39,0.6587926509186351,437,265,0.6064073226544623,0.25,0,1,0,0,0,1,0,1,1,1,0,0,0,0,0,0,0,1,1,0,1,0,1,1,0,0,1,1,1,1,0,0,1,0,0,0,0,0,1,1,1,1,1,1,1,0,1,1,0,0,0,1,0,0,1,1,19,3,CORRECTNESS,0.009900990099009901,GC_UNRELATED_TYPES,1,1,1,0.1792452830188679,0.02830188679245283,0.009433962264150943,-1.0,0.0,0.0,0.0,0.0,-1.0,0.0,0.0,0.0,-1.0,-1.0,3,85,95,1420,13,0.0,0,6,7,19,0.04051277721490488,0,0,0,0,0,0,0,0.0,0,0,0,0,0,0,0,0,0.0,69,0,0,0,0,0,0,0,0,0,0,0,0,1,1402,4806,31,1364,0,0,0,0,0,0,0,0,0,0,0,0,0,0,0,0,0,0,0,0,close
commons-B-96,1540,org/apache/commons/lang3/time,org/apache/commons/lang3/time/FastDateParser.java,343,true,30,22,1859,10,17,206,8,39,0.39763779527559057,437,265,0.6064073226544623,0.5846153846153846,0,1,0,0,0,1,0,0,1,0,0,1,0,0,0,0,0,1,1,0,1,1,1,0,0,0,1,1,1,1,0,0,1,0,1,0,0,0,0,1,1,1,1,1,0,0,1,1,0,0,0,0,1,0,1,1,19,3,STYLE,0.06930693069306931,SF_SWITCH_NO_DEFAULT,19,2,1,0.1792452830188679,0.02830188679245283,0.009433962264150943,-1.0,0.0,0.0,0.0,0.0,-1.0,0.0,0.0,0.0,-1.0,-1.0,25,205,343,1540,13,0.0,0,6,7,19,0.04051277721490488,0,0,0,0,0,0,0,0.0,0,0,0,0,0,0,0,0,0.0,69,0,0,0,1,0,1,1,0,0,0,0,0,1,1402,4806,31,1364,0,0,0,0,0,0,0,0,0,0,0,0,0,0,0,0,0,0,0,0,close
commons-B-97,1540,org/apache/commons/lang3/time,org/apache/commons/lang3/time/FastDateParser.java,343,true,47,22,1859,10,10,206,31,39,0.5616797900262467,437,265,0.6064073226544623,0.49233052944087086,11,1,0,0,0,1,0,1,1,0,0,0,0,0,0,0,0,1,1,0,1,1,1,0,0,0,1,1,1,1,0,0,1,0,0,0,0,1,0,1,1,1,1,1,1,0,1,1,0,1,0,0,0,0,1,1,19,3,STYLE,0.06930693069306931,SF_SWITCH_NO_DEFAULT,19,2,1,0.1792452830188679,0.02830188679245283,0.009433962264150943,-1.0,0.0,0.0,0.0,0.0,-1.0,0.0,0.0,0.0,-1.0,-1.0,25,205,343,1540,13,0.0,0,6,7,19,0.04051277721490488,0,0,0,0,0,0,0,0.0,0,0,0,0,0,0,0,0,0.0,69,0,0,0,1,0,1,1,0,0,0,0,0,1,1402,4806,31,1364,0,0,0,0,0,0,0,0,0,0,0,0,0,0,0,0,0,0,0,0,close
commons-B-98,1540,org/apache/commons/lang3/time,org/apache/commons/lang3/time/FastDatePrinter.java,343,true,0,24,1859,17,0,206,1,39,0.675654242664552,655,484,0.7389312977099237,1.0,0,1,0,0,0,1,0,0,1,0,0,0,0,0,0,0,0,1,1,0,1,0,1,0,0,0,1,1,1,1,0,0,1,0,0,0,0,0,0,1,1,1,1,1,0,0,1,1,0,0,0,0,0,0,1,1,19,1,STYLE,0.009900990099009901,UC_USELESS_CONDITION,19,3,1,0.1792452830188679,0.009433962264150943,0.009433962264150943,-1.0,0.0,0.0,0.0,0.0,-1.0,0.0,0.0,0.0,-1.0,-1.0,5,205,343,1540,13,0.3191489361702128,0,6,7,19,0.04051277721490488,0,0,0,0,4,0,11,0.0,15,0,0,0,0,7,0,0,0.0,31,0,0,0,0,0,1,1,0,0,0,0,0,1,1364,4806,31,1364,0,0,0,0,0,0,0,0,0,0,0,0,0,0,0,0,0,0,0,0,close
commons-B-99,1908,org/apache/commons/lang3/time,org/apache/commons/lang3/time/FormatCache.java,621,true,0,5,1859,2,0,206,1,39,0.9009433962264151,98,99,1.010204081632653,1.0,0,1,0,0,0,1,0,0,1,0,0,0,0,0,0,0,0,1,1,0,1,0,1,0,0,0,1,1,1,1,0,0,1,0,0,0,0,0,0,1,1,1,1,1,0,0,1,1,0,0,0,0,0,0,1,1,19,2,BAD_PRACTICE,0.009900990099009901,BC_EQUALS_METHOD_SHOULD_WORK_FOR_ALL_OBJECTS,16,2,2,0.1792452830188679,0.018867924528301886,0.018867924528301886,-1.0,0.0,0.0,0.0,0.0,-1.0,0.0,0.0,0.0,-1.0,-1.0,4,573,621,1908,13,0.0,0,6,7,19,0.04051277721490488,0,0,0,0,0,0,0,0.0,0,0,0,0,0,0,0,0,0.0,76,0,0,0,0,0,0,1,0,0,0,0,0,1,1409,4806,31,1364,0,0,0,0,0,0,0,0,0,0,0,0,0,0,0,0,0,0,0,0,open
commons-B-100,1908,org/apache/commons/lang3/time,org/apache/commons/lang3/time/FormatCache.java,621,true,0,5,1859,2,0,206,1,39,0.9009433962264151,98,99,1.010204081632653,1.0,0,1,0,0,0,1,0,0,1,0,0,0,0,0,0,0,0,1,1,0,1,0,1,0,0,0,1,1,1,1,0,0,1,0,0,0,0,0,0,1,1,1,1,1,0,0,1,1,0,0,0,0,0,0,1,1,19,2,BAD_PRACTICE,0.009900990099009901,NP_EQUALS_SHOULD_HANDLE_NULL_ARGUMENT,11,2,2,0.1792452830188679,0.018867924528301886,0.018867924528301886,-1.0,0.0,0.0,0.0,0.0,-1.0,0.0,0.0,0.0,-1.0,-1.0,4,573,621,1908,13,0.0,0,6,7,19,0.04051277721490488,0,0,0,0,0,0,0,0.0,0,0,0,0,0,0,0,0,0.0,76,0,0,0,0,0,0,1,0,0,0,0,0,1,1409,4806,31,1364,0,0,0,0,0,0,0,0,0,0,0,0,0,0,0,0,0,0,0,0,open
